specID	specName	source	spellID	name	passive	selected	charges	cooldownMS	rechargeMS	overrideSpellID	description	origin
102	Balance	talent	102401	Wild Charge	false			15000			Fly to a nearby ally's position.	sweep
102	Balance	talent	252216	Tiger Dash	false			45000			Shift into Cat Form and increase your movement speed by 200%, reducing gradually over 5 sec.	sweep
102	Balance	talent	1822	Rake	false			0			Rake the target for 743 Bleed damage and an additional 4,423 Bleed damage over 15 sec. |cFFFFFFFFAwards 1 combo point.|r	sweep
102	Balance	talent	194153	Starfire	false			0			Call down a burst of energy, causing 431 Arcane damage to the target, and 294 Arcane damage to all other enemies within 10 yards. Deals reduced damage beyond 8 targets. |cFFFFFFFFGenerates 8 Astral Power.|r	sweep
102	Balance	talent	78674	Starsurge	false			0			Launch a surge of stellar energies at the target, dealing 1,464 Astral damage.	sweep
102	Balance	talent	48438	Wild Growth	false			10000			Heals up to 5 injured allies within 30 yards of the target for 1,277 over 7 sec. Healing starts high and declines over the duration.	sweep
102	Balance	talent	377796	Natural Recovery	true			0			Healing you receive is increased by 4%.	sweep
102	Balance	talent	102359	Mass Entanglement	false			30000			Roots the target and all enemies within 12 yards in place for 10 sec. Damage may interrupt the effect. Usable in all shapeshift forms.	sweep
102	Balance	talent	102793	Ursol's Vortex	false			60000			Conjures a vortex of wind for 10 sec at the destination, reducing the movement speed of all enemies within 8 yards by 50%. The first time an enemy attempts to leave the vortex, winds will pull that enemy back to its center. Usable in all shapeshift forms.	sweep
102	Balance	talent	24858	Moonkin Form	false			0			Shapeshift into Moonkin Form, increasing the damage of your spells by 10% and your armor by 125%, and granting protection from Polymorph effects. The act of shapeshifting frees you from movement impairing effects.	sweep
102	Balance	talent	132469	Typhoon	false			30000			Blasts targets within 15 yards in front of you with a violent Typhoon, knocking them back and reducing their movement speed by 50% for 6 sec. Usable in all shapeshift forms.	sweep
102	Balance	talent	197524	Astral Influence	true			0			Increases the range of all of your spells by 5 yards.	sweep
102	Balance	talent	2637	Hibernate	false			0			Forces the enemy target to sleep for up to 40 sec. Any damage will awaken the target. Only one target can be forced to hibernate at a time. Only works on Beasts and Dragonkin.	sweep
102	Balance	talent	33873	Nurturing Instinct	true			0			Magical damage and healing increased by 6%.	sweep
102	Balance	talent	774	Rejuvenation	false			0			Heals the target for 1,950 over 12 sec.	sweep
102	Balance	talent	301768	Verdant Heart	true			0			Frenzied Regeneration and Barkskin increase all healing received by 20%.	sweep
102	Balance	talent	449182	Ursoc's Spirit	true			0			Stamina increased by 4%. Stamina in Bear Form is increased by an additional 5%.	sweep
102	Balance	talent	22842	Frenzied Regeneration	false		1	1000	36000		Heals you for 32% health over 3 sec.	sweep
102	Balance	talent	22570	Maim	false			30000			Finishing move that causes Physical damage and stuns the target. Damage and duration increased per combo point:    1 point  : 368 damage, 1 sec    2 points: 735 damage, 2 sec    3 points: 1,102 damage, 3 sec    4 points: 1,470 damage, 4 sec    5 points: 1,837 damage, 5 sec	sweep
102	Balance	talent	1079	Rip	false			0			Finishing move that causes Bleed damage over time. Lasts longer per combo point.    1 point  : 3,745 over 8 sec    2 points: 5,618 over 12 sec    3 points: 7,491 over 16 sec    4 points: 9,364 over 20 sec    5 points: 11,237 over 24 sec	sweep
102	Balance	talent	213764	Swipe	false			0			Swipe nearby enemies, inflicting Physical damage. Damage varies by shapeshift form.	sweep
102	Balance	talent	159286	Primal Fury	true			0			While in Cat Form, when you critically strike with an attack that generates a combo point, you gain an additional combo point. Damage over time cannot trigger this effect. Mangle critical strike damage increased by 20%.	sweep
102	Balance	talent	108299	Killer Instinct	true			0			Physical damage and Armor increased by 6%.	sweep
102	Balance	talent	192081	Ironfur	false			500			Increases armor by 533 for 7 sec.	sweep
102	Balance	talent	16931	Thick Hide	true			0			Reduces all damage taken by 4%.	sweep
102	Balance	talent	2908	Soothe	false			10000			Soothes the target, dispelling all enrage effects.	sweep
102	Balance	talent	33786	Cyclone	false			0			Tosses the enemy target into the air, disorienting them but making them invulnerable for up to 5 sec. Only one target can be affected by your Cyclone at a time.	sweep
102	Balance	talent	288826	Improved Stampeding Roar	true			0			Cooldown reduced by 60 sec.	sweep
102	Balance	talent	1261867	Heart of the Wild	false			120000			Perform a powerful off-role ability depending on your currently active shapeshift form. |cFFFFFFFFNon-shapeshifted:|r Empowered Wild Growth that heals up to 5 injured allies within 30 yards of the target for 7,664 over 7 sec. |cFFFFFFFFBear Form:|r Increase your maximum health by 30% for 20 sec.	sweep
102	Balance	talent	474678	Aessina's Renewal	true			0			When a hit deals more than 12% of your maximum health, instantly heal for 10% of your health. This effect cannot occur more than once every 30 seconds.	sweep
102	Balance	talent	378988	Lycara's Teachings	true			0			You gain 3% of a stat while in each form: No Form: Haste Cat Form: Critical Strike Bear Form: Versatility Moonkin Form: Mastery	sweep
102	Balance	talent	106898	Stampeding Roar	false			120000			Shift into Bear Form and let loose a wild roar, increasing the movement speed of all friendly players within 15 yards by 60% for 8 sec.	sweep
102	Balance	talent	377847	Well-Honed Instincts	true			0			When you fall below 40% health, you cast Frenzied Regeneration, up to once every 120 sec.	sweep
102	Balance	talent	131768	Feline Swiftness	true			0			Increases your movement speed by 15%.	sweep
102	Balance	talent	99	Incapacitating Roar	false			30000			Shift into Bear Form and invoke the spirit of Ursol to let loose a deafening roar, incapacitating all enemies within 10 yards for 3 sec. Damage may cancel the effect.	sweep
102	Balance	talent	5211	Mighty Bash	false			60000			Invokes the spirit of Ursoc to stun the target for 4 sec. Usable in all shapeshift forms.	sweep
102	Balance	talent	474526	Grievous Wounds	true			0			Rake, Rip, and Thrash damage increased by 10%.	sweep
102	Balance	talent	231040	Lingering Healing	true			0			Rejuvenation's duration is increased by 3 sec. Regrowth's duration is increased by 3 sec when cast on yourself.	sweep
102	Balance	talent	2782	Remove Corruption	false			8000			Nullifies corrupting effects on the friendly target, removing all Curse and Poison effects.	sweep
102	Balance	talent	400129	Forestwalk	true			0			Casting Regrowth increases your movement speed and healing received by 8% for 6 sec.	sweep
102	Balance	talent	29166	Innervate	false			180000			Infuse a friendly healer with energy, allowing them to cast spells without spending mana for 8 sec.	sweep
102	Balance	talent	449193	Fluid Form	true			0			Shred, Rake, and Skull Bash can be used in any form and shift you into Cat Form, if necessary.  Mangle can be used in any form and shifts you into Bear Form.  Wrath and Starfire shift you into Moonkin Form, if known.	sweep
102	Balance	talent	1240206	Total Eclipse	true			0			Entering any Eclipse has a 10% chance to grant the benefits of both Lunar and Solar Eclipse.	sweep
102	Balance	talent	279620	Twin Moons	true			0			Moonfire deals 10% increased damage and also hits another nearby enemy within 15 yds of the target.	sweep
102	Balance	talent	468936	Sunseeker Mushroom	true			0			Sunfire damage has a chance to grow a magical mushroom at a target's location. After 1 sec, the mushroom detonates, dealing 1,128 Nature damage and then an additional 636 Nature damage over 10 sec. Affected targets are slowed by 50%. Generates up to 20 Astral Power based on targets hit.	sweep
102	Balance	talent	88747	Wild Mushroom	false		3	0	30000		Grow a magical mushroom at the target enemy's location. After 1 sec, the mushroom detonates, dealing 1,353 Nature damage and then an additional 764 Nature damage over 10 sec. Affected targets are slowed by 50%. Generates up to 20 Astral Power based on targets hit.	sweep
102	Balance	talent	343647	Solstice	true			0			During the first 6 sec of every Eclipse, Shooting Stars fall 200% more often.	sweep
102	Balance	talent	406890	Wild Surges	true			0			Your Wrath and Starfire chance to critically strike is increased by 10% and they generate 2 additional Astral Power.	sweep
102	Balance	talent	102560	Incarnation: Chosen of Elune	false		1	1000	180000		An improved Moonkin Form that grants both Eclipses, any learned Celestial Alignment bonuses, and 10% critical strike chance. Lasts 20 sec. You may shapeshift in and out of this improved Moonkin Form for its duration.	sweep
102	Balance	talent	391528	Convoke the Spirits	false			120000			Call upon the spirits for an eruption of energy, channeling a rapid flurry of 16 Druid spells and abilities over 4 sec. You will cast Wild Growth, Swiftmend, Moonfire, Wrath, Regrowth, Rejuvenation, Rake, and Thrash on appropriate nearby targets, favoring your current shapeshift form.	sweep
102	Balance	talent	202345	Starlord	true			0			Starsurge and Starfall grant you 2% Haste for 20 sec or until you enter a new Eclipse. Stacks up to 3 times. Gaining a stack does not refresh the duration.	sweep
102	Balance	talent	383195	Umbral Intensity	true			0			Solar Eclipse increases Wrath damage by an additional 10%.  Lunar Eclipse increases Starfire damage by an additional 10%.	sweep
102	Balance	talent	327541	Aetherial Kindling	true			0			Casting Starfall extends the duration of active Moonfires and Sunfires by 3.0 sec, up to 28 sec.	sweep
102	Balance	talent	1240262	Meteor Storm	true			0			Starfall deals its damage 100% faster.	sweep
102	Balance	talent	205636	Force of Nature	false			60000			Summons a stand of 3 Treants for 10 sec which immediately taunt and attack enemies in the targeted area. |cFFFFFFFFGenerates 20 Astral Power.|r	sweep
102	Balance	talent	450212	Stellar Amplification	true			0			Starsurge increases the damage the target takes from your periodic effects and Shooting Stars by 16% for 5 sec. Reapplying this effect extends its duration, up to 20 sec.	sweep
102	Balance	talent	394121	Radiant Moonlight	true			0			New Moon, Half Moon, and Full Moon deal 25% increased damage. Full Moon becomes Full Moon once more before resetting to New Moon. Fury of Elune deals 50% increased damage and its cooldown is reduced by 15 sec.	sweep
102	Balance	talent	394048	Balance of All Things	true			0			Entering Eclipse increases your critical strike chance with Arcane or Nature spells by 20%, decreasing by 2% every 1 sec.	sweep
102	Balance	talent	194223	Celestial Alignment	false		1	1000	180000		Celestial bodies align, maintaining both Eclipses and granting 10% haste for 15 sec.	sweep
102	Balance	talent	450598	Astral Communion	true			0			Increases maximum Astral Power by 20. Entering Eclipse reduces the Astral Power cost of your next Starsurge or Starfall by 15. 	sweep
102	Balance	talent	394094	Sundered Firmament	true			0			Every other Eclipse creates a Fury of Elune at 25% effectiveness that follows your current target for 8 sec.	sweep
102	Balance	talent	383197	Orbit Breaker	true			0			Every 30th Shooting Star calls down a Full Moon at 60% effectiveness upon its target.	sweep
102	Balance	talent	114107	Soul of the Forest	true			0			Solar Eclipse increases Wrath's Astral Power generation by 40% and Lunar Eclipse increases Starfire's Astral Power generation by 40%.	sweep
102	Balance	talent	1240188	Sculpt the Stars	true			0			The cooldowns of Lunar Eclipse and Solar Eclipse are reduced by 2 sec.	sweep
102	Balance	talent	468743	Whirling Stars	true			0			Celestial Alignment's cooldown is reduced by 60 seconds and it has two charges.	sweep
102	Balance	talent	390378	Orbital Strike	true			0			Celestial Alignment blasts all enemies in a targeted area for 1,240 Astral damage and applies Stellar Flare to them. Reduces the cooldown of Celestial Alignment by 60 sec. |T1052602:24|t |cffffffffStellar Flare|r Burns the target for 76 Astral damage, and then an additional 1,050 damage over 24 sec. If dispelled, causes 897 damage to the dispeller and blasts them upwards. |cFFFFFFFFGenerates 12 Astral Power.|r	sweep
102	Balance	talent	450356	Touch the Cosmos	true			0			Casting Wrath has a 15% chance to make your next Starsurge or Starfall free. Casting Starfire has a 20% chance to make your next Starsurge or Starfall free.	sweep
102	Balance	talent	1239669	Eclipse	true			0			You may draw the sun and moon into alignment for 15 sec, empowering either your Nature or Arcane spells. Casting Wrath or Starfire changes what mode of Eclipse will be entered, and the two modes of Eclipse share a button and 32 sec cooldown. |T236152:24|t |cffffffffEclipse (Solar)|r Nature spells deal 15% additional damage and Wrath damage is increased by 40%. |T236151:24|t |cffffffffEclipse (Lunar)|r Arcane spells deal 15% additional damage and Starfire damage is increased by 40%.	sweep
102	Balance	talent	202770	Fury of Elune	false			60000			Calls down a beam of pure celestial energy that follows the enemy, dealing up to 1,245 Astral damage over 8 sec within its area. Damage reduced on secondary targets. |cFFFFFFFFGenerates 40 Astral Power over its duration.|r	sweep
102	Balance	talent	274281	New Moon	false		3	0	20000		Deals 1,097 Astral damage to the target and empowers New Moon to become Half Moon.  |cFFFFFFFFGenerates 10 Astral Power.|r	sweep
102	Balance	talent	202342	Shooting Stars	true			0			Moonfire and Sunfire damage over time has a chance to call down a falling star, dealing 288 Astral damage and generating 2 Astral Power.	sweep
102	Balance	talent	202430	Nature's Balance	true			0			While in combat you generate 1 Astral Power every 2 sec. While out of combat your Astral Power rebalances to 50 instead of depleting to empty.	sweep
102	Balance	talent	400059	Cosmic Rapidity	true			0			Your Moonfire and Sunfire deal damage 20% more frequently, also increasing the rate that Shooting Stars fall.	sweep
102	Balance	talent	393991	Elune's Guidance	true			0			|T571586:24|t |cffffffffIncarnation: Chosen of Elune|r Reduces the Astral Power cost of Starsurge by 10, and the Astral Power cost of Starfall by 12. |T6035309:24|t |cffffffffConvoke the Spirits|r Cooldown is reduced by 50% and its duration and number of spells cast is reduced by 25%. Convoke the Spirits has an increased chance to use an exceptional spell or ability.	sweep
102	Balance	talent	78675	Solar Beam	false			60000			Summons a beam of solar light over an enemy target's location, interrupting the target and silencing all enemies within the beam. Lasts 8 sec.	sweep
102	Balance	talent	1240907	Meteorites	true			0			Every time Starfall drops a wave of stars, a meteorite also falls on up to 2 targets in its range, each dealing 95 Astral damage.	sweep
102	Balance	talent	393760	Umbral Embrace	true			0			Wrath and Starfire have a 20% chance to cause your next Wrath or Starfire cast during an Eclipse to become Astral and deal 75% additional damage.	sweep
102	Balance	talent	394046	Power of Goldrinn	true			0			Starsurge has a chance to summon the Spirit of Goldrinn, which immediately deals 1,187 Astral damage to the target.	sweep
102	Balance	talent	393940	Starweaver	true			0			Starsurge has a 20% chance to make Starfall free. Starfall has a 40% chance to make Starsurge free.	sweep
102	Balance	talent	393954	Rattle the Stars	true			0			Starsurge and Starfall deal 8% increased damage and their cost is reduced by 10%.	sweep
102	Balance	talent	1240906	Improved Eclipse	true			0			Lunar Eclipse and Solar Eclipse have one additional charge.	sweep
102	Balance	talent	1232897	Lycara's Inspiration	true			0			You gain a bonus while in each form inspired by the breadth of your Druidic knowledge: No Form: 4% Magic Damage Cat Form: 4% Stamina Bear Form: 5% Movement Speed Moonkin Form: 3% Area damage taken reduction	sweep
102	Balance	talent	93402	Sunfire	false			0			A quick beam of solar light burns the enemy for 90 Nature damage and then an additional 828 Nature damage over 18 sec.	sweep
102	Balance	hero	428655	The Light of Elune	true			0			Moonfire damage has a chance to call down a Fury of Elune to follow your target for 3 sec. |T132123:24|t |cffffffffFury of Elune|r Calls down a beam of pure celestial energy, dealing 467 Astral damage over 3 sec within its area. |cFFFFFFFFGenerates 15 Astral Power over its duration.|r	sweep
102	Balance	hero	429536	Astral Insight	true			0			Incarnation: Guardian of Ursoc increases Arcane damage from spells and abilities by 10% while active. Increases the duration and number of spells cast by Convoke the Spirits by 25%.	sweep
102	Balance	hero	429540	Arcane Affinity	true			0			All Arcane damage from your spells and abilities is increased by 3%.	sweep
102	Balance	hero	429539	Lunation	true			0			Your Arcane abilities reduce the cooldown of Lunar Beam by 3.0 sec. 	sweep
102	Balance	hero	424113	The Eternal Moon	true			0			Further increases the power of Boundless Moonlight. |T132123:24|t |cffffffffFury of Elune|r The flash of energy now generates 6 Astral Power and its damage is increased by 50%. |T1392542:24|t |cffffffffFull Moon|r New Moon and Half Moon now also call down 1 Minor Moon.	sweep
102	Balance	hero	429530	Lunar Insight	true			0			Moonfire deals 20% increased damage.	sweep
102	Balance	hero	429523	Lunar Calling	true			0			Thrash now deals Arcane damage and its damage is increased by 12%.	sweep
102	Balance	hero	429215	Bounteous Bloom	true			0			Your Grove Guardians' healing is increased by 30%.	sweep
102	Balance	hero	428937	Early Spring	true			0			Swiftmend and Wild Growth cooldowns reduced by 1 sec.	sweep
102	Balance	hero	434220	Power of the Dream	true			0			Dream Surge heals 1 additional ally.	sweep
102	Balance	hero	434249	Control of the Dream	true			0			Time elapsed while your major abilities are available to be used or at maximum charges is subtracted from that ability's cooldown after the next time you use it, up to 15 seconds. Affects Force of Nature, Celestial Alignment, and Convoke the Spirits.	sweep
102	Balance	hero	433748	Protective Growth	true			0			Your Regrowth protects you, reducing damage you take by 8% while your Regrowth is on you.	sweep
102	Balance	hero	429533	Glistening Fur	true			0			Bear Form and Moonkin Form reduce Arcane damage taken by 6% and all other magic damage taken by 3%.	sweep
102	Balance	hero	429402	Grove's Inspiration	true			0			Wrath and Starfire damage increased by 10%.  Regrowth, Wild Growth, and Swiftmend healing increased by 9%.	sweep
102	Balance	hero	429420	Potent Enchantments	true			0			Orbital Strike damage increased by 30%, and damage of Stellar Flares it applies increased by 30%. Whirling Stars increases the haste you gain during Celestial Alignment by an additional 10%.	sweep
102	Balance	hero	429668	Stellar Command	true			0			Increases the damage of Lunar Beam by 30% and Fury of Elune by 15%.	sweep
102	Balance	hero	429538	Moondust	true			0			Enemies affected by Moonfire are slowed by 20%.	sweep
102	Balance	hero	443046	Elune's Grace	true			0			Using Wild Charge while in Bear Form or Moonkin Form incurs a 3 sec shorter cooldown.	sweep
102	Balance	hero	429520	Moon Guardian	true			0			Free automatic Moonfires from Galactic Guardian generate 5 Rage.	sweep
102	Balance	hero	428544	Treants of the Moon	true			0			Your Grove Guardians cast Moonfire on nearby targets about once every 6 sec.	sweep
102	Balance	hero	433831	Dream Surge	true			0			When Grove Guardians are summoned, they grow Dream Petals on your target, healing up to 3 nearby allies for 622.	sweep
102	Balance	hero	429433	Blooming Infusion	true			0			Every 5 Regrowths you cast makes your next Wrath, Starfire, or Entangling Roots instant and increases damage it deals by 100%. Every 5 Starsurges you cast makes your next Regrowth or Entangling roots instant.	sweep
102	Balance	hero	429399	Expansiveness	true			0			Your maximum mana is increased by 5%.	sweep
102	Balance	hero	455797	Cenarius' Might	true			0			Swiftmend healing is increased by 20%.	sweep
102	Balance	hero	428859	Power of Nature	true			0			Your Grove Guardians increase the healing of your Rejuvenation, Efflorescence, and Lifebloom by 10% while active.	sweep
102	Balance	hero	429227	Durability of Nature	true			0			Your Force of Nature treants have 100% increased health.	sweep
102	Balance	hero	428731	Harmony of the Grove	true			0			Each of your Grove Guardians increases your healing done by 5% while active.	sweep
102	Balance	hero	429532	Atmospheric Exposure	true			0			Enemies damaged by Lunar Beam or Fury of Elune take 6% increased damage from you for 6 sec.	sweep
102	Balance	hero	424058	Boundless Moonlight	true			0			|T132123:24|t |cffffffffFury of Elune|r Fury of Elune now ends with a flash of energy, blasting nearby enemies for 918 Astral damage. |T1392542:24|t |cffffffffFull Moon|r Full Moon calls down 2 Minor Moons that deal 800 Astral damage and generate 3 Astral Power.	sweep
102	Balance	talent	474750	Symbiotic Relationship	false			0			Form a bond with an ally. Your self-healing also heals your bonded ally for 10% of the amount healed. Your healing to your bonded ally also heals you for 8% of the amount healed.	sweep
102	Balance	talent	377842	Ursine Vigor	true			0			For 4 sec after shifting into Bear Form, your health and armor are increased by 15%.	sweep
102	Balance	talent	1262034	Gift of the Wild	true			0			Mark of the Wild is 100% more effective on yourself.	sweep
102	Balance	talent	449191	Oakskin	true			0			Survival Instincts and Barkskin reduce damage taken by an additional 10%.	sweep
102	Balance	talent	385786	Matted Fur	true			0			When you use Barkskin or Survival Instincts, absorb 38,287 damage for 15 sec.	sweep
102	Balance	talent	451211	Starlight Conduit	true			0			Wrath, Starsurge, and Starfire damage increased by 5%.  Starsurge's cooldown is reduced by 4 sec and its mana cost is reduced by 50%.	sweep
102	Balance	talent	469004	Hail of Stars	true			0			Casting a free Starsurge or Starfall grants Solstice for 3 sec.	sweep
102	Balance	talent	1240185	Celestial Fire	true			0			Moonfire, Sunfire, and Shooting Stars damage increased by 8%.	sweep
102	Balance	talent	474530	Circle of the Wild	true			0			Physical damage dealt by your abilities increased by 5%.	sweep
102	Balance	talent	474541	Circle of the Heavens	true			0			Magical damage dealt by your spells increased by 5%.	sweep
102	Balance	talent	400142	Gale Winds	true			0			Increases Typhoon's radius by 20% and its range by 5 yds.	sweep
102	Balance	talent	400140	Incessant Tempest	true			0			Reduces the cooldown of Typhoon by 5 sec.	sweep
102	Balance	talent	449185	Lore of the Grove	true			0			Moonfire and Sunfire damage increased by 10%.	sweep
102	Balance	talent	449184	Instincts of the Claw	true			0			Ferocious Bite and Maul damage increased by 8%.	sweep
102	Balance	talent	1213597	Perfectly-Honed Instincts	true			0			Well-Honed Instincts can trigger up to once every 90 sec.	sweep
102	Balance	talent	202918	Light of the Sun	true			0			Reduces the remaining cooldown on Solar Beam by 15 sec when it interrupts the primary target.	sweep
102	Balance	talent	327993	Improved Barkskin	true			0			Barkskin's duration is increased by 4 sec.	sweep
102	Balance	talent	450558	Harmony of the Heavens	true			0			Starsurge or Starfall increase your current Eclipse's Arcane or Nature damage bonus by an additional 2%, up to 6%.	sweep
102	Balance	talent	394065	Denizen of the Dream	true			0			Your Moonfire and Sunfire have a chance to summon a Faerie Dragon to assist you in battle for 30 sec.	sweep
102	Balance	hero	1264899	Spirit of the Thicket	true			0			Your Starfall damage is increased by 12% and your Starsurge damage is increased by 8%.	sweep
102	Balance	hero	1264776	Dryad's Dance	true			0			Dryads cause most of your Astral power generation to be increased by 10%.	sweep
102	Balance	hero	1264614	Sylvan Beckoning	true			0			Entering an Eclipse summons a Dryad to assist you for 8 sec, casting Starsurge dealing 636 Astral damage and Starfall at 200% effectiveness.	sweep
102	Balance	hero	1271305	Bask in Moonlight	true			0			Starsurge damage increased by 10%.  Starfall damage increased by 10%.  	sweep
102	Balance	hero	1271261	Penumbral Swell	true			0			Lunar Eclipse increases Arcane damage by an additional 3%.	sweep
102	Balance	hero	1271206	Star Cascade	true			0			Gaining Astral Power with Wrath or Starfire has a 40% chance to launch a Starsurge at a victim at 70% effectiveness. 	sweep
102	Balance	talent	450347	Nature's Grace	true			0			When Eclipse ends or when you enter combat, enter a Dreamstate, reducing the cast time of your next 2 Starfires or Wraths by 30%.	sweep
102	Balance	talent	1240283	Elune's Challenge	true			0			When you exit Eclipse with less than 40 Astral Power, Wrath and Starfire's cast times are reduced by 20% for 15 sec or until you enter an Eclipse.	sweep
102	Balance	talent	1261564	Ascendant Eclipses	true			0			Activating an Eclipse makes your next Wrath or Starfire instant. The first 3 Starsurges or Starfalls you cast during each Eclipse deal 20% increased damage.	sweep
102	Balance	talent	1261565	Ascendant Eclipses	true			0			Your critical strikes dealt during an Eclipse cause their victims to languish for an additional 12% of damage dealt for 6 sec.	sweep
102	Balance	talent	1261566	Ascendant Eclipses	true			0			Activating an Eclipse also launches Solar or Lunar Bolts at enemies within 40 yds that always critically strike. |T1029591:24|t |cffffffffSolar Bolt|r Entering Solar Eclipse launches a Solar Bolt at 1 enemy that deals 2,122 Nature damage. |T135729:24|t |cffffffffLunar Bolt|r Entering Lunar Eclipse launches 3 Lunar Bolts at enemies that deal 384 Arcane damage to them and nearby targets. Deals reduced damage beyond 5 targets. 	sweep
103	Feral	talent	449537	Coiled to Spring	true			0			If you generate a combo point in excess of what you can store, your next Ferocious Bite or Primal Wrath deals 10% increased direct damage.	sweep
103	Feral	talent	391700	Double-Clawed Rake	true			0			Rake also applies Rake to 1 additional nearby target.	sweep
103	Feral	talent	48484	Infected Wounds	true			0			Rake damage increased by 30%, and Rake causes an Infected Wound in the target, reducing the target's movement speed by 20% for 12 sec.	sweep
103	Feral	talent	1244532	Blood Spattered	true			0			Ferocious Bite's damage to its primary target increased by 2% for each enemy affected by your Rip, up to 10.	sweep
103	Feral	talent	158476	Soul of the Forest	true			0			Your finishing moves grant 2 Energy per combo point spent and deal 5% increased damage.	sweep
103	Feral	talent	400320	Circle of Life and Death	true			0			Your damage over time effects deal their damage in 20% less time, and your healing over time effects in 15% less time.	sweep
103	Feral	talent	391978	Veinripper	true			0			Rip and Rake last 25% longer.	sweep
103	Feral	talent	391347	Rip and Tear	true			0			Applying Rip to a target also applies a Tear that deals 15% of the new Rip's damage over 8 sec.	sweep
103	Feral	talent	421432	Saber Jaws	true			0			When you spend extra Energy on Ferocious Bite, the extra damage is increased by 50%.	sweep
103	Feral	talent	1244547	Hunger for Battle	true			0			When an enemy afflicted by your Rip dies, gain 10 Energy and your damage dealt is increased by 5% for 8 sec, stacking up to 5 times.	sweep
103	Feral	talent	1244632	Lacerating Claws	true			0			Damage of your bleeds increased by 10%.	sweep
103	Feral	talent	231063	Merciless Claws	true			0			Shred deals 20% increased damage and Swipe deals 20% increased damage against bleeding targets.	sweep
103	Feral	talent	449645	Savage Fury	true			0			Tiger's Fury increases your Haste by 10% and Energy recovery rate by 25% for 8 sec.	sweep
103	Feral	talent	391174	Berserk: Heart of the Lion	true			0			Reduces the cooldown of Berserk by 60 sec.	sweep
103	Feral	talent	106951	Berserk	false			180000			Go Berserk for 15 sec. While Berserk: Generate 1 combo point every 1.5 sec. Combo point generating abilities generate 1 additional combo point. Finishing moves restore up to 3 combo points generated over the cap. All attack and ability damage is increased by 15%.	sweep
103	Feral	talent	202031	Sabertooth	true			0			Ferocious Bite deals 15% increased damage. For each Combo Point spent, Ferocious Bite's primary target takes 6% increased damage from your Cat Form bleed and other periodic abilities for 4 sec.	sweep
103	Feral	talent	1280316	Panther's Guile	true			0			When Shred or Moonfire generate combo points, they have a 25% chance to generate full combo points.	sweep
103	Feral	talent	384665	Taste for Blood	true			0			Ferocious Bite deals 12% increased damage and an additional 12% during Tiger's Fury. 	sweep
103	Feral	talent	390864	Wild Slashes	true			0			Swipe damage is increased by 40%.	sweep
103	Feral	talent	236068	Moment of Clarity	true			0			Omen of Clarity now triggers 30% more often, can accumulate up to 2 charges, and increases the damage of your next Shred or Swipe by 15%.	sweep
103	Feral	talent	391078	Raging Fury	true			0			Tiger's Fury lasts 5 additional seconds.	sweep
103	Feral	talent	391872	Tiger's Tenacity	true			0			Tiger's Fury causes your next 3 finishing moves to restore 1 combo point. Tiger's Fury also increases the periodic damage of your bleeds by an additional 10% for their full duration.	sweep
103	Feral	talent	155580	Lunar Inspiration	true			0			Moonfire is usable in Cat Form, costs 30 energy, and generates 1 combo point.	sweep
103	Feral	talent	1244258	Chomp	false			20000			Chomp your target, causing 22,972 Physical damage. Chomp critical strikes deal 3 times normal damage. Chomp can only be used when you fall below 30% Energy or for 2 seconds afterward.	sweep
103	Feral	talent	391881	Apex Predator's Craving	true			0			Rip damage has a 5.0% chance to make your next Ferocious Bite free and deal the maximum damage.	sweep
103	Feral	talent	390902	Carnivorous Instinct	true			0			Tiger's Fury's damage bonus is increased by 6%.	sweep
103	Feral	talent	1244544	Focused Frenzy	true			0			Feral Frenzy's cooldown reduced by 15 sec and its damage is increased by 20%.	sweep
103	Feral	talent	1243807	Frantic Frenzy	false			45000			Unleash a furious frenzy, flickering to nearby targets in front of you 5 times and clawing all enemies around them for 395 Physical damage and an additional 2,804 Bleed damage over 6 sec. |cFFFFFFFFAwards 5 combo points.|r	sweep
103	Feral	talent	274837	Feral Frenzy	false			45000			Unleash a furious frenzy, clawing your target 5 times for 2,080 Physical damage and an additional 14,741 Bleed damage over 6 sec. |cFFFFFFFFAwards 5 combo points.|r	sweep
103	Feral	talent	391548	Ashamane's Guidance	true			0			|T571586:24|t|cffffffffIncarnation: Avatar of Ashamane|r Incarnation: Avatar of Ashamane's cooldown is reduced by 30 sec. |T6035309:24|t |cffffffffConvoke the Spirits|r Convoke the Spirits' cooldown is reduced by 50% and its duration and number of spells cast is reduced by 25%. Convoke the Spirits has an increased chance to use an exceptional spell or ability.	sweep
103	Feral	talent	102543	Incarnation: Avatar of Ashamane	false			180000			An improved Cat Form that grants all of your known Berserk effects and lasts 20 sec. You may shapeshift in and out of this improved Cat Form for its duration. During Incarnation: Energy cost of all Cat Form abilities is reduced by 25%, and Prowl can be used once while in combat. 	sweep
103	Feral	talent	391528	Convoke the Spirits	false			120000			Call upon the spirits for an eruption of energy, channeling a rapid flurry of 16 Druid spells and abilities over 4 sec. You will cast Wild Growth, Swiftmend, Moonfire, Wrath, Regrowth, Rejuvenation, Rake, and Thrash on appropriate nearby targets, favoring your current shapeshift form.	sweep
103	Feral	talent	391875	Frantic Momentum	true			0			Finishing moves have a 3% chance per combo point spent to grant 10% Haste for 6 sec.	sweep
103	Feral	talent	61336	Survival Instincts	false		1	6000	180000		Reduces all damage you take by 50% for 6 sec.	sweep
103	Feral	talent	391709	Rampant Ferocity	true			0			Ferocious Bite also deals 779 damage per combo point spent to all nearby enemies. Spending extra Energy on Ferocious Bite increases damage dealt by up to 100%. Damage reduced beyond 5 targets.	sweep
103	Feral	talent	391045	Dreadful Bleeding	true			0			Rip damage increased by 20%.	sweep
103	Feral	talent	390772	Pouncing Strikes	true			0			While stealthed, Rake will also stun the target for 4 sec, and deal 60% increased damage for its full duration. While stealthed, Shred deals 60% increased damage, has double the chance to critically strike, and generates 1 additional combo point.	sweep
103	Feral	talent	285381	Primal Wrath	false			0			Finishing move that deals instant damage and applies Rip to all enemies within 10 yards. Lasts longer per combo point.    1 point  : 791 plus Rip for 4 sec    2 points: 1,186 plus Rip for 6 sec    3 points: 1,582 plus Rip for 8 sec    4 points: 1,978 plus Rip for 10 sec    5 points: 2,373 plus Rip for 12 sec	sweep
103	Feral	talent	383352	Tireless Energy	true			0			Maximum Energy increased by 20 and Energy regeneration increased by 5%.	sweep
103	Feral	talent	202021	Predator	true			0			Tiger's Fury lasts 5 additional seconds. Your combo point-generating abilities' direct damage is increased by 40% of your Haste.	sweep
103	Feral	talent	16864	Omen of Clarity	true			0			Your auto attacks have a chance to cause a Clearcasting state, making your next Shred or Swipe cost no Energy. 	sweep
103	Feral	talent	5217	Tiger's Fury	false			30000			Instantly restores 50 Energy, and increases the damage of all your attacks by 15% for their full duration. Lasts 10 sec.	sweep
103	Feral	talent	102401	Wild Charge	false			15000			Fly to a nearby ally's position.	sweep
103	Feral	talent	252216	Tiger Dash	false			45000			Shift into Cat Form and increase your movement speed by 200%, reducing gradually over 5 sec.	sweep
103	Feral	talent	1822	Rake	false			0			Rake the target for 743 Bleed damage and an additional 4,423 Bleed damage over 15 sec. |cFFFFFFFFAwards 1 combo point.|r	sweep
103	Feral	talent	197626	Starsurge	false			10000			Launch a surge of stellar energies at the target, dealing 892 Astral damage.	sweep
103	Feral	talent	48438	Wild Growth	false			10000			Heals up to 5 injured allies within 30 yards of the target for 1,277 over 7 sec. Healing starts high and declines over the duration.	sweep
103	Feral	talent	377796	Natural Recovery	true			0			Healing you receive is increased by 4%.	sweep
103	Feral	talent	102359	Mass Entanglement	false			30000			Roots the target and all enemies within 12 yards in place for 10 sec. Damage may interrupt the effect. Usable in all shapeshift forms.	sweep
103	Feral	talent	102793	Ursol's Vortex	false			60000			Conjures a vortex of wind for 10 sec at the destination, reducing the movement speed of all enemies within 8 yards by 50%. The first time an enemy attempts to leave the vortex, winds will pull that enemy back to its center. Usable in all shapeshift forms.	sweep
103	Feral	talent	24858	Moonkin Form	false			0			Shapeshift into Moonkin Form, increasing the damage of your spells by 10% and your armor by 125%, and granting protection from Polymorph effects. The act of shapeshifting frees you from movement impairing effects.	sweep
103	Feral	talent	132469	Typhoon	false			30000			Blasts targets within 15 yards in front of you with a violent Typhoon, knocking them back and reducing their movement speed by 50% for 6 sec. Usable in all shapeshift forms.	sweep
103	Feral	talent	197524	Astral Influence	true			0			Increases the range of all of your spells by 5 yards.	sweep
103	Feral	talent	2637	Hibernate	false			0			Forces the enemy target to sleep for up to 40 sec. Any damage will awaken the target. Only one target can be forced to hibernate at a time. Only works on Beasts and Dragonkin.	sweep
103	Feral	talent	33873	Nurturing Instinct	true			0			Magical damage and healing increased by 6%.	sweep
103	Feral	talent	774	Rejuvenation	false			0			Heals the target for 1,950 over 12 sec.	sweep
103	Feral	talent	301768	Verdant Heart	true			0			Frenzied Regeneration and Barkskin increase all healing received by 20%.	sweep
103	Feral	talent	449182	Ursoc's Spirit	true			0			Stamina increased by 4%. Stamina in Bear Form is increased by an additional 5%.	sweep
103	Feral	talent	22842	Frenzied Regeneration	false		1	1000	36000		Heals you for 32% health over 3 sec.	sweep
103	Feral	talent	22570	Maim	false			30000			Finishing move that causes Physical damage and stuns the target. Damage and duration increased per combo point:    1 point  : 368 damage, 1 sec    2 points: 735 damage, 2 sec    3 points: 1,102 damage, 3 sec    4 points: 1,470 damage, 4 sec    5 points: 1,837 damage, 5 sec	sweep
103	Feral	talent	1079	Rip	false			0			Finishing move that causes Bleed damage over time. Lasts longer per combo point.    1 point  : 3,745 over 8 sec    2 points: 5,618 over 12 sec    3 points: 7,491 over 16 sec    4 points: 9,364 over 20 sec    5 points: 11,237 over 24 sec	sweep
103	Feral	talent	213764	Swipe	false			0			Swipe nearby enemies, inflicting Physical damage. Damage varies by shapeshift form.	sweep
103	Feral	talent	159286	Primal Fury	true			0			While in Cat Form, when you critically strike with an attack that generates a combo point, you gain an additional combo point. Damage over time cannot trigger this effect. Mangle critical strike damage increased by 20%.	sweep
103	Feral	talent	108299	Killer Instinct	true			0			Physical damage and Armor increased by 6%.	sweep
103	Feral	talent	192081	Ironfur	false			500			Increases armor by 533 for 7 sec.	sweep
103	Feral	talent	16931	Thick Hide	true			0			Reduces all damage taken by 4%.	sweep
103	Feral	talent	2908	Soothe	false			10000			Soothes the target, dispelling all enrage effects.	sweep
103	Feral	talent	33786	Cyclone	false			0			Tosses the enemy target into the air, disorienting them but making them invulnerable for up to 5 sec. Only one target can be affected by your Cyclone at a time.	sweep
103	Feral	talent	288826	Improved Stampeding Roar	true			0			Cooldown reduced by 60 sec.	sweep
103	Feral	talent	1261867	Heart of the Wild	false			120000			Perform a powerful off-role ability depending on your currently active shapeshift form. |cFFFFFFFFNon-shapeshifted:|r Empowered Wild Growth that heals up to 5 injured allies within 30 yards of the target for 7,664 over 7 sec. |cFFFFFFFFBear Form:|r Increase your maximum health by 30% for 20 sec.	sweep
103	Feral	talent	474678	Aessina's Renewal	true			0			When a hit deals more than 12% of your maximum health, instantly heal for 10% of your health. This effect cannot occur more than once every 30 seconds.	sweep
103	Feral	talent	378988	Lycara's Teachings	true			0			You gain 3% of a stat while in each form: No Form: Haste Cat Form: Critical Strike Bear Form: Versatility Moonkin Form: Mastery	sweep
103	Feral	talent	106898	Stampeding Roar	false			120000			Shift into Bear Form and let loose a wild roar, increasing the movement speed of all friendly players within 15 yards by 60% for 8 sec.	sweep
103	Feral	talent	377847	Well-Honed Instincts	true			0			When you fall below 40% health, you cast Frenzied Regeneration, up to once every 120 sec.	sweep
103	Feral	talent	131768	Feline Swiftness	true			0			Increases your movement speed by 15%.	sweep
103	Feral	talent	99	Incapacitating Roar	false			30000			Shift into Bear Form and invoke the spirit of Ursol to let loose a deafening roar, incapacitating all enemies within 10 yards for 3 sec. Damage may cancel the effect.	sweep
103	Feral	talent	5211	Mighty Bash	false			60000			Invokes the spirit of Ursoc to stun the target for 4 sec. Usable in all shapeshift forms.	sweep
103	Feral	talent	474526	Grievous Wounds	true			0			Rake, Rip, and Thrash damage increased by 10%.	sweep
103	Feral	talent	231040	Lingering Healing	true			0			Rejuvenation's duration is increased by 3 sec. Regrowth's duration is increased by 3 sec when cast on yourself.	sweep
103	Feral	talent	2782	Remove Corruption	false			8000			Nullifies corrupting effects on the friendly target, removing all Curse and Poison effects.	sweep
103	Feral	talent	106839	Skull Bash	false			15000			You charge and bash the target's skull, interrupting spellcasting and preventing any spell in that school from being cast for 5 sec.	sweep
103	Feral	talent	400129	Forestwalk	true			0			Casting Regrowth increases your movement speed and healing received by 8% for 6 sec.	sweep
103	Feral	talent	29166	Innervate	false			180000			Infuse a friendly healer with energy, allowing them to cast spells without spending mana for 8 sec.	sweep
103	Feral	talent	449193	Fluid Form	true			0			Shred, Rake, and Skull Bash can be used in any form and shift you into Cat Form, if necessary.  Mangle can be used in any form and shifts you into Bear Form.  Wrath and Starfire shift you into Moonkin Form, if known.	sweep
103	Feral	talent	197628	Starfire	false			0			Call down a burst of energy, causing 394 Arcane damage to the target, and 135 Arcane damage to all other enemies within 5 yards. Deals reduced damage beyond 8 targets.	sweep
103	Feral	talent	1232897	Lycara's Inspiration	true			0			You gain a bonus while in each form inspired by the breadth of your Druidic knowledge: No Form: 4% Magic Damage Cat Form: 4% Stamina Bear Form: 5% Movement Speed Moonkin Form: 3% Area damage taken reduction	sweep
103	Feral	talent	384667	Sudden Ambush	true			0			Finishing moves have a 6% chance per combo point spent to increase the direct damage of your next Rake, Shred, or Swipe by 50% and make it critically strike. 	sweep
103	Feral	talent	93402	Sunfire	false			0			A quick beam of solar light burns the enemy for 90 Nature damage and then an additional 828 Nature damage over 18 sec.	sweep
103	Feral	hero	441583	Ravage	true			0			Your auto-attacks have a chance to make your next Ferocious Bite become Ravage. |T5927623:24|t|cFFFFFFFF|cffffffffRavage|r|r Finishing move that slashes through your target in a wide arc, dealing Physical damage per combo point to your target and consuming up to 25 additional Energy to increase that damage by up to 100%. Hits all other enemies in front of you for reduced damage per combo point spent.  1 point: 924 damage, 420 in an arc 2 points: 1,847 damage, 841 in an arc 3 points: 2,771 damage, 1,261 in an arc 4 points: 3,695 damage, 1,681 in an arc 5 points: 4,619 damage, 2,101 in an arc	sweep
103	Feral	hero	441678	Wildshape Mastery	true			0			Ironfur and Frenzied Regeneration persist in Cat Form. When transforming from Bear to Cat Form, you retain 80% of your Bear Form armor and health for 6 sec. For 6 sec after entering Bear Form, you heal for 10% of damage taken over 8 sec. 	sweep
103	Feral	hero	441841	Bestial Strength	true			0			Maul and Raze damage increased by 10%.	sweep
103	Feral	hero	441689	Empowered Shapeshifting	true			0			Frenzied Regeneration can be cast in Cat Form for 40 Energy. Bear Form reduces magic damage you take by 6%. Shred and Swipe damage increased by 10%. Mangle damage increased by 25%.	sweep
103	Feral	hero	441691	Wildpower Surge	true			0			Mangle grants Feline Potential. When you have 6 stacks, the next time you transform into Cat Form, gain 5 combo points and your next Ferocious Bite or Rip deals 50% increased damage for its full duration.	sweep
103	Feral	hero	441835	Claw Rampage	true			0			During Berserk, Shred, and Swipe have a 20% chance to make your next Ferocious Bite become Ravage.	sweep
103	Feral	hero	441845	Strike for the Heart	true			0			Mangle damage increased by 10% and its critical strike chance is increased by 10%. 	sweep
103	Feral	hero	441846	Tear Down the Mighty	true			0			The cooldown of Sundering Roar is reduced by 15 sec.	sweep
103	Feral	hero	441844	Pack's Endurance	true			0			Stampeding Roar's duration is increased by 25%.	sweep
103	Feral	hero	441829	Aggravate Wounds	true			0			Every attack with an Energy cost that you cast extends the duration of your Dreadful Wounds by 0.6 sec, up to 8 additional sec.	sweep
103	Feral	hero	441675	Fount of Strength	true			0			Your maximum Energy and Rage are increased by 20. Frenzied Regeneration also increases your maximum health by 10%.	sweep
103	Feral	hero	1271839	Exacerbating Wounds	true			0			Your Dreadful Wounds increase the damage afflicted enemies take from your Bleed damage over time effects by 15%.	sweep
103	Feral	hero	441809	Dreadful Wound	true			0			Ravage also inflicts a Bleed that causes 2,552 damage over 6 sec and saps its victims' strength, reducing damage they deal to you by 15%. Dreadful Wound is not affected by Circle of Life and Death. 	sweep
103	Feral	hero	439926	Wildstalker's Power	true			0			Rip and Ferocious Bite damage increased by 5%. Rejuvenation healing increased by 10%.	sweep
103	Feral	hero	439895	Entangling Vortex	true			0			Enemies pulled into Ursol's Vortex are rooted in place for 3 sec. Damage may cancel the effect.	sweep
103	Feral	hero	439901	Flower Walk	true			0			During Barkskin your movement speed is increased by 10% and every second flowers grow beneath your feet that heal up to 3 nearby injured allies for 85.	sweep
103	Feral	hero	439890	Strategic Infusion	true			0			Attacking from Prowl increases the chance for Shred, Rake, and Swipe to critically strike by 8% for 6 sec. Your periodic heals have a 4% increased chance to critically heal.	sweep
103	Feral	hero	455461	Lethal Preservation	true			0			When you remove an effect with Soothe or Remove Corruption, gain a combo point and heal for 4% of your maximum health. If you are at full health an injured party or raid member will be healed instead.	sweep
103	Feral	hero	439929	Bond with Nature	true			0			Healing you receive is increased by 4%.	sweep
103	Feral	hero	440116	Harmonious Constitution	true			0			Your Regrowth's healing to yourself is increased by 35%.	sweep
103	Feral	hero	439528	Thriving Growth	true			0			Rip and Rake damage has a chance to cause Bloodseeker Vines to grow on the victim, dealing 2,488 Bleed damage over 6 sec. Wild Growth, Regrowth, and Efflorescence healing has a chance to cause Symbiotic Blooms to grow on the target, healing for 933 over 6 sec. Multiple instances of these can overlap.	sweep
103	Feral	hero	440119	Vigorous Creepers	true			0			Bloodseeker Vines increase the damage your abilities deal to affected enemies by 4%. Symbiotic Blooms increase the healing your spells do to affected targets by 20%.	sweep
103	Feral	hero	440117	Twin Sprouts	true			0			When Bloodseeker Vines or Symbiotic Blooms grow, they have a 30% chance to cause another growth of the same type to immediately grow on a valid nearby target.	sweep
103	Feral	hero	440118	Implant	true			0			Casting Swiftmend or Wild Growth causes a Symbiotic Bloom to grow on a target for 6 sec.	sweep
103	Feral	hero	439868	Hunt Beneath the Open Skies	true			0			Damage and healing while in Cat Form increased by 3%. Moonfire and Sunfire damage increased by 10%.	sweep
103	Feral	hero	1270592	Patient Custodian	true			0			Your heal over time effects are 6% more effective.	sweep
103	Feral	hero	439880	Resilient Flourishing	true			0			Bloodseeker Vines and Symbiotic Blooms last 2 additional sec. When a target afflicted by Bloodseeker Vines dies, the vines jump to a valid nearby target for their remaining duration.	sweep
103	Feral	hero	439882	Root Network	true			0			Each active Bloodseeker Vine increases the damage your abilities deal by 2%. Each active Symbiotic Bloom increases the healing of your spells by 2%.	sweep
103	Feral	talent	474750	Symbiotic Relationship	false			0			Form a bond with an ally. Your self-healing also heals your bonded ally for 10% of the amount healed. Your healing to your bonded ally also heals you for 8% of the amount healed.	sweep
103	Feral	talent	377842	Ursine Vigor	true			0			For 4 sec after shifting into Bear Form, your health and armor are increased by 15%.	sweep
103	Feral	talent	1262034	Gift of the Wild	true			0			Mark of the Wild is 100% more effective on yourself.	sweep
103	Feral	talent	449191	Oakskin	true			0			Survival Instincts and Barkskin reduce damage taken by an additional 10%.	sweep
103	Feral	talent	385786	Matted Fur	true			0			When you use Barkskin or Survival Instincts, absorb 38,287 damage for 15 sec.	sweep
103	Feral	talent	451211	Starlight Conduit	true			0			Wrath, Starsurge, and Starfire damage increased by 5%.  Starsurge's cooldown is reduced by 4 sec and its mana cost is reduced by 50%.	sweep
103	Feral	talent	474530	Circle of the Wild	true			0			Physical damage dealt by your abilities increased by 5%.	sweep
103	Feral	talent	474541	Circle of the Heavens	true			0			Magical damage dealt by your spells increased by 5%.	sweep
103	Feral	talent	400142	Gale Winds	true			0			Increases Typhoon's radius by 20% and its range by 5 yds.	sweep
103	Feral	talent	400140	Incessant Tempest	true			0			Reduces the cooldown of Typhoon by 5 sec.	sweep
103	Feral	talent	449185	Lore of the Grove	true			0			Moonfire and Sunfire damage increased by 10%.	sweep
103	Feral	talent	449184	Instincts of the Claw	true			0			Ferocious Bite and Maul damage increased by 8%.	sweep
103	Feral	talent	1213597	Perfectly-Honed Instincts	true			0			Well-Honed Instincts can trigger up to once every 90 sec.	sweep
103	Feral	talent	327993	Improved Barkskin	true			0			Barkskin's duration is increased by 4 sec.	sweep
103	Feral	hero	1270586	Rampancy	true			0			Symbiotic Blooms have a 20% chance to trigger Bursting Growth every 2 sec at 100% effectiveness. 	sweep
103	Feral	hero	440120	Bursting Growth	true			0			When Bloodseeker Vines expire or you use Ferocious Bite on their target they explode in thorns, dealing 2,205 physical damage to nearby enemies. Damage reduced above 5 targets. When Symbiotic Blooms expire or you cast Rejuvenation on their target flowers grow around their target, healing them and up to 3 nearby allies for 179.	sweep
103	Feral	hero	1270565	Green Thumb	true			0			The rate at which Symbiotic Blooms grow is increased by 20%.	sweep
103	Feral	hero	1271635	Twin Claw	true			0			You have a 18% chance to follow up any single target melee ability with a Twin Claw, dealing 8,678 Physical damage and generating 5 Rage. 	sweep
103	Feral	hero	1271540	Limb from Limb	true			0			Your auto-attacks are 30% more likely to make your next Maul become Ravage.	sweep
103	Feral	hero	441814	Ruthless Aggression	true			0			Ravage increases your auto-attack speed by 35% for 6 sec.	sweep
103	Feral	hero	441824	Killing Strikes	true			0			Ravage increases your Agility by 8% and the armor granted by Ironfur by 20% for 8 sec. Your first Mangle after entering combat makes your next Maul become Ravage.	sweep
103	Feral	talent	1263657	Unseen Predator	true			0			When you Ferocious Bite, you have a 15% chance per combo point spent to flicker to an enemy within 30 yds and deliver an Unseen Attack. Unseen Attack damage is reduced if less than 5 combo points and 50 Energy are spent on Ferocious Bite. |T132141:24|t |cffffffffUnseen Slash|r Slash the target, dealing 1,677 Physical damage and an additional 3,522 Bleed damage over 6 sec. If this effect is reapplied, any remaining damage is added to the new Bleed. |T451161:24|t |cffffffffUnseen Swipe|r Swipe nearby targets, dealing 4,818 Physical damage. Damage reduced beyond 5 targets. 	sweep
103	Feral	talent	1263658	Unseen Predator	true			0			Unseen Attacks increase your damage done by 0% for 1 sec per combo point spend to trigger it. Additional applications extend this effect.	sweep
103	Feral	talent	1263660	Unseen Predator	true			0			Tiger's Fury causes you to perform an Unseen Attack for maximum damage after your next 2 combo point generating attacks. Rip and Unseen Attack damage increased by 30%.	sweep
104	Guardian	talent	210706	Gore	true			0			Thrash, Swipe, Moonfire, and Maul have a 15% chance to reset the cooldown on Mangle, and to cause it to generate an additional 4 Rage.	sweep
104	Guardian	talent	6807	Maul	false			0			Maul the target for 5,424 Physical damage.	sweep
104	Guardian	talent	61336	Survival Instincts	false		1	6000	180000		Reduces all damage you take by 50% for 6 sec.	sweep
104	Guardian	talent	372618	Vulnerable Flesh	true			0			Maul and Raze deal 30% increased damage.	sweep
104	Guardian	talent	370586	Elune's Favored	true			0			While in Bear Form, you are healed for 15% of all Arcane damage done.	sweep
104	Guardian	talent	393414	Ursoc's Guidance	true			0			|T571586:24|t |cffffffffIncarnation: Guardian of Ursoc|r:  Every 25 Rage you spend reduces the cooldown of Incarnation: Guardian of Ursoc by 1 sec. |T6035309:24|t |cffffffffConvoke the Spirits|r:  Convoke the Spirits' cooldown is reduced by 50% and its duration and number of spells cast is reduced by 25%. Convoke the Spirits has an increased chance to use an exceptional spell or ability.	sweep
104	Guardian	talent	102558	Incarnation: Guardian of Ursoc	false			180000			An improved Bear Form that grants the benefits of Berserk, causes Mangle to hit up to 3 targets, and increases maximum health by 30%. Lasts 30 sec. You may freely shapeshift in and out of this improved Bear Form for its duration.	sweep
104	Guardian	talent	391528	Convoke the Spirits	false			120000			Call upon the spirits for an eruption of energy, channeling a rapid flurry of 16 Druid spells and abilities over 4 sec. You will cast Wild Growth, Swiftmend, Moonfire, Wrath, Regrowth, Rejuvenation, Rake, and Thrash on appropriate nearby targets, favoring your current shapeshift form.	sweep
104	Guardian	talent	400254	Raze	false			0			Strike with the might of Ursoc, dealing 5,424 Physical damage to your target and 2,950 to all other enemies in front of you. Damage reduced beyond 5 targets.	sweep
104	Guardian	talent	370695	Fury of Nature	true			0			While in Bear Form, you deal 10% increased Arcane damage.	sweep
104	Guardian	talent	371905	After the Wildfire	true			0			Every 300 Rage you spend causes a burst of restorative energy, healing up to 5 allies within 20 yds for 15,222.	sweep
104	Guardian	talent	203962	Blood Frenzy	true			0			Thrash also generates 3 Rage each time it deals damage, on up to 5 targets.	sweep
104	Guardian	talent	203965	Survival of the Fittest	true			0			Reduces the cooldowns of Barkskin and Survival Instincts by 12%.	sweep
104	Guardian	talent	1250906	Memory of Ysera	true			0			Heal each time you spend Rage, up to 0.8% of your maximum health for 80 Rage spent.	sweep
104	Guardian	talent	203964	Galactic Guardian	true			0			Your damage has a 5% chance to trigger a free automatic Moonfire on that target. |T136096:24|t |cffffffffMoonfire|r: When this occurs, the next Moonfire you cast generates 8 Rage, and deals 300% increased direct damage. |T1357794:24|t |cffffffffRed Moon|r: When this occurs, you gain 1 charge of Lunar Wrath. Each 20 Rage you spend while Red Moon is active consumes a stack to deal 424 additional Arcane damage to its target and heal you for 552.	sweep
104	Guardian	talent	238049	Scintillating Moonlight	true			0			Moonfire reduces damage dealt to you by -1%.	sweep
104	Guardian	talent	372567	Twin Moonfire	true			0			Moonfire deals 8% increased damage and also hits another nearby enemy within 15 yds of the target.	sweep
104	Guardian	talent	1252871	Red Moon	false			30000			Channel the power of the enraged moon to deal 2,717 Arcane damage to your target over 8 sec. Casting Mangle extends its duration by 1.0 sec and generates 8 Rage.	sweep
104	Guardian	talent	471492	Ursol's Warding	true			0			Gain magical damage reduction equal to 10% of your damage reduction from armor.	sweep
104	Guardian	talent	50334	Berserk	false			180000			Go berserk for 15 sec, reducing the cooldowns of Mangle, Thrash, and Growl by 50% and the cooldown of Frenzied Regeneration by 100%.	sweep
104	Guardian	talent	204053	Rend and Tear	true			0			Each stack of Thrash reduces the target's damage to you by 3% and increases your damage to them by 2%.	sweep
104	Guardian	talent	372943	Untamed Savagery	true			0			Increases the damage and radius of Thrash by 25%.	sweep
104	Guardian	talent	1252994	Killing Blow	true			0			Maul and Raze may consume up to 20 more Rage to deal up to 70% additional damage.	sweep
104	Guardian	talent	393427	Flashing Claws	true			0			Thrash has a 10% chance to trigger an additional Thrash. Thrash stacks 1 additional time.	sweep
104	Guardian	talent	1278789	Natural Resilience	true			0			When Frenzied Regeneration would heal you above maximum health, 80% of its excess healing is instead converted to an absorb shield.	sweep
104	Guardian	talent	372945	Reinvigoration	true			0			Frenzied Regeneration heals over 1.0 additional sec and casts Rejuvenation and Regrowth on you at 100% effectiveness.	sweep
104	Guardian	talent	377210	Ursoc's Fury	true			0			Thrash and Maul grant you an absorb shield for 30% of the damage dealt for 15 sec.	sweep
104	Guardian	talent	377811	Innate Resolve	true			0			Frenzied Regeneration's healing is increased by up to 80% based on your missing health. Frenzied Regeneration has 1 additional charge.	sweep
104	Guardian	talent	393618	Reinforced Fur	true			0			Ironfur increases armor by an additional 15% and Barkskin reduces damage taken by an additional 10%.	sweep
104	Guardian	talent	155835	Bristling Fur	false			40000			Bristle your fur, causing you to generate Rage based on damage taken for 8 sec.	sweep
104	Guardian	talent	102401	Wild Charge	false			15000			Fly to a nearby ally's position.	sweep
104	Guardian	talent	252216	Tiger Dash	false			45000			Shift into Cat Form and increase your movement speed by 200%, reducing gradually over 5 sec.	sweep
104	Guardian	talent	1822	Rake	false			0			Rake the target for 743 Bleed damage and an additional 4,423 Bleed damage over 15 sec. |cFFFFFFFFAwards 1 combo point.|r	sweep
104	Guardian	talent	197626	Starsurge	false			10000			Launch a surge of stellar energies at the target, dealing 892 Astral damage.	sweep
104	Guardian	talent	48438	Wild Growth	false			10000			Heals up to 5 injured allies within 30 yards of the target for 1,277 over 7 sec. Healing starts high and declines over the duration.	sweep
104	Guardian	talent	377796	Natural Recovery	true			0			Healing you receive is increased by 4%.	sweep
104	Guardian	talent	102359	Mass Entanglement	false			30000			Roots the target and all enemies within 12 yards in place for 10 sec. Damage may interrupt the effect. Usable in all shapeshift forms.	sweep
104	Guardian	talent	102793	Ursol's Vortex	false			60000			Conjures a vortex of wind for 10 sec at the destination, reducing the movement speed of all enemies within 8 yards by 50%. The first time an enemy attempts to leave the vortex, winds will pull that enemy back to its center. Usable in all shapeshift forms.	sweep
104	Guardian	talent	24858	Moonkin Form	false			0			Shapeshift into Moonkin Form, increasing the damage of your spells by 10% and your armor by 125%, and granting protection from Polymorph effects. The act of shapeshifting frees you from movement impairing effects.	sweep
104	Guardian	talent	132469	Typhoon	false			30000			Blasts targets within 15 yards in front of you with a violent Typhoon, knocking them back and reducing their movement speed by 50% for 6 sec. Usable in all shapeshift forms.	sweep
104	Guardian	talent	197524	Astral Influence	true			0			Increases the range of all of your spells by 5 yards.	sweep
104	Guardian	talent	2637	Hibernate	false			0			Forces the enemy target to sleep for up to 40 sec. Any damage will awaken the target. Only one target can be forced to hibernate at a time. Only works on Beasts and Dragonkin.	sweep
104	Guardian	talent	33873	Nurturing Instinct	true			0			Magical damage and healing increased by 6%.	sweep
104	Guardian	talent	774	Rejuvenation	false			0			Heals the target for 1,950 over 12 sec.	sweep
104	Guardian	talent	301768	Verdant Heart	true			0			Frenzied Regeneration and Barkskin increase all healing received by 20%.	sweep
104	Guardian	talent	449182	Ursoc's Spirit	true			0			Stamina increased by 4%. Stamina in Bear Form is increased by an additional 5%.	sweep
104	Guardian	talent	22842	Frenzied Regeneration	false		1	1000	36000		Heals you for 32% health over 3 sec.	sweep
104	Guardian	talent	22570	Maim	false			30000			Finishing move that causes Physical damage and stuns the target. Damage and duration increased per combo point:    1 point  : 368 damage, 1 sec    2 points: 735 damage, 2 sec    3 points: 1,102 damage, 3 sec    4 points: 1,470 damage, 4 sec    5 points: 1,837 damage, 5 sec	sweep
104	Guardian	talent	1079	Rip	false			0			Finishing move that causes Bleed damage over time. Lasts longer per combo point.    1 point  : 3,745 over 8 sec    2 points: 5,618 over 12 sec    3 points: 7,491 over 16 sec    4 points: 9,364 over 20 sec    5 points: 11,237 over 24 sec	sweep
104	Guardian	talent	213764	Swipe	false			0			Swipe nearby enemies, inflicting Physical damage. Damage varies by shapeshift form.	sweep
104	Guardian	talent	159286	Primal Fury	true			0			While in Cat Form, when you critically strike with an attack that generates a combo point, you gain an additional combo point. Damage over time cannot trigger this effect. Mangle critical strike damage increased by 20%.	sweep
104	Guardian	talent	108299	Killer Instinct	true			0			Physical damage and Armor increased by 6%.	sweep
104	Guardian	talent	192081	Ironfur	false			500			Increases armor by 533 for 7 sec.	sweep
104	Guardian	talent	16931	Thick Hide	true			0			Reduces all damage taken by 4%.	sweep
104	Guardian	talent	2908	Soothe	false			10000			Soothes the target, dispelling all enrage effects.	sweep
104	Guardian	talent	33786	Cyclone	false			0			Tosses the enemy target into the air, disorienting them but making them invulnerable for up to 5 sec. Only one target can be affected by your Cyclone at a time.	sweep
104	Guardian	talent	288826	Improved Stampeding Roar	true			0			Cooldown reduced by 60 sec.	sweep
104	Guardian	talent	1261867	Heart of the Wild	false			120000			Perform a powerful off-role ability depending on your currently active shapeshift form. |cFFFFFFFFNon-shapeshifted:|r Empowered Wild Growth that heals up to 5 injured allies within 30 yards of the target for 7,664 over 7 sec. |cFFFFFFFFBear Form:|r Increase your maximum health by 30% for 20 sec.	sweep
104	Guardian	talent	474678	Aessina's Renewal	true			0			When a hit deals more than 12% of your maximum health, instantly heal for 10% of your health. This effect cannot occur more than once every 30 seconds.	sweep
104	Guardian	talent	378988	Lycara's Teachings	true			0			You gain 3% of a stat while in each form: No Form: Haste Cat Form: Critical Strike Bear Form: Versatility Moonkin Form: Mastery	sweep
104	Guardian	talent	106898	Stampeding Roar	false			120000			Shift into Bear Form and let loose a wild roar, increasing the movement speed of all friendly players within 15 yards by 60% for 8 sec.	sweep
104	Guardian	talent	377847	Well-Honed Instincts	true			0			When you fall below 40% health, you cast Frenzied Regeneration, up to once every 120 sec.	sweep
104	Guardian	talent	131768	Feline Swiftness	true			0			Increases your movement speed by 15%.	sweep
104	Guardian	talent	99	Incapacitating Roar	false			30000			Shift into Bear Form and invoke the spirit of Ursol to let loose a deafening roar, incapacitating all enemies within 10 yards for 3 sec. Damage may cancel the effect.	sweep
104	Guardian	talent	5211	Mighty Bash	false			60000			Invokes the spirit of Ursoc to stun the target for 4 sec. Usable in all shapeshift forms.	sweep
104	Guardian	talent	474526	Grievous Wounds	true			0			Rake, Rip, and Thrash damage increased by 10%.	sweep
104	Guardian	talent	231040	Lingering Healing	true			0			Rejuvenation's duration is increased by 3 sec. Regrowth's duration is increased by 3 sec when cast on yourself.	sweep
104	Guardian	talent	2782	Remove Corruption	false			8000			Nullifies corrupting effects on the friendly target, removing all Curse and Poison effects.	sweep
104	Guardian	talent	106839	Skull Bash	false			15000			You charge and bash the target's skull, interrupting spellcasting and preventing any spell in that school from being cast for 5 sec.	sweep
104	Guardian	talent	400129	Forestwalk	true			0			Casting Regrowth increases your movement speed and healing received by 8% for 6 sec.	sweep
104	Guardian	talent	29166	Innervate	false			180000			Infuse a friendly healer with energy, allowing them to cast spells without spending mana for 8 sec.	sweep
104	Guardian	talent	449193	Fluid Form	true			0			Shred, Rake, and Skull Bash can be used in any form and shift you into Cat Form, if necessary.  Mangle can be used in any form and shifts you into Bear Form.  Wrath and Starfire shift you into Moonkin Form, if known.	sweep
104	Guardian	talent	197628	Starfire	false			0			Call down a burst of energy, causing 394 Arcane damage to the target, and 135 Arcane damage to all other enemies within 5 yards. Deals reduced damage beyond 8 targets.	sweep
104	Guardian	talent	158477	Soul of the Forest	true			0			Mangle generates 5 more Rage and deals 25% more damage.	sweep
104	Guardian	talent	1251406	Persistence	true			0			When you shapeshift out of Bear Form, its benefits to health and armor slowly decay over 8 sec.	sweep
104	Guardian	talent	1232897	Lycara's Inspiration	true			0			You gain a bonus while in each form inspired by the breadth of your Druidic knowledge: No Form: 4% Magic Damage Cat Form: 4% Stamina Bear Form: 5% Movement Speed Moonkin Form: 3% Area damage taken reduction	sweep
104	Guardian	talent	372119	Dream of Cenarius	true			0			When you take non-periodic damage, you have a chance to cause your next Regrowth to heal for an additional 130%, and to be instant, free, and castable in all forms for 30 sec.	sweep
104	Guardian	talent	1278886	Dream Guide	true			0			When you take non-periodic damage, you have a chance to gain a charge of Dream Guide.  When you or a nearby ally drops below 40% health, you consume a charge of Dream Guide to automatically cast Regrowth on them. This Regrowth heals for an additional 100%.	sweep
104	Guardian	talent	400278	Moonless Night	true			0			Your direct damage melee abilities against enemies afflicted by Moonfire cause them to burn for an additional 20% Arcane damage.	sweep
104	Guardian	talent	204066	Lunar Beam	false			60000			Summons a beam of lunar light at your target's location, dealing 1,021 Arcane damage each second to your target and 1,021 to up to 5 other enemies within the beam.  Lunar Beam also increases your mastery by 15%, and heals you for 56,828 over 8 sec.	sweep
104	Guardian	talent	1253799	Sundering Roar	false			60000			Roar with earthshattering ferocity, dealing 7,147 Physical damage, and resetting the cooldown of Thrash and allowing it to stack 5 additional times for 12 sec.  When Sundering Roar ends, any excess stacks of Thrash immediately deal their remaining damage.	sweep
104	Guardian	talent	93402	Sunfire	false			0			A quick beam of solar light burns the enemy for 90 Nature damage and then an additional 828 Nature damage over 18 sec.	sweep
104	Guardian	hero	428655	The Light of Elune	true			0			Moonfire damage has a chance to call down a Fury of Elune to follow your target for 3 sec. |T132123:24|t |cffffffffFury of Elune|r Calls down a beam of pure celestial energy, dealing 467 Astral damage over 3 sec within its area. |cFFFFFFFFGenerates 15 Astral Power over its duration.|r	sweep
104	Guardian	hero	429536	Astral Insight	true			0			Incarnation: Guardian of Ursoc increases Arcane damage from spells and abilities by 10% while active. Increases the duration and number of spells cast by Convoke the Spirits by 25%.	sweep
104	Guardian	hero	429540	Arcane Affinity	true			0			All Arcane damage from your spells and abilities is increased by 3%.	sweep
104	Guardian	hero	429539	Lunation	true			0			Your Arcane abilities reduce the cooldown of Lunar Beam by 3.0 sec. 	sweep
104	Guardian	hero	424113	The Eternal Moon	true			0			Further increases the power of Boundless Moonlight. |T132123:24|t |cffffffffFury of Elune|r The flash of energy now generates 6 Astral Power and its damage is increased by 50%. |T1392542:24|t |cffffffffFull Moon|r New Moon and Half Moon now also call down 1 Minor Moon.	sweep
104	Guardian	hero	429530	Lunar Insight	true			0			Moonfire deals 20% increased damage.	sweep
104	Guardian	hero	429523	Lunar Calling	true			0			Thrash now deals Arcane damage and its damage is increased by 12%.	sweep
104	Guardian	hero	429533	Glistening Fur	true			0			Bear Form and Moonkin Form reduce Arcane damage taken by 6% and all other magic damage taken by 3%.	sweep
104	Guardian	hero	429668	Stellar Command	true			0			Increases the damage of Lunar Beam by 30% and Fury of Elune by 15%.	sweep
104	Guardian	hero	429538	Moondust	true			0			Enemies affected by Moonfire are slowed by 20%.	sweep
104	Guardian	hero	443046	Elune's Grace	true			0			Using Wild Charge while in Bear Form or Moonkin Form incurs a 3 sec shorter cooldown.	sweep
104	Guardian	hero	429520	Moon Guardian	true			0			Free automatic Moonfires from Galactic Guardian generate 5 Rage.	sweep
104	Guardian	hero	429532	Atmospheric Exposure	true			0			Enemies damaged by Lunar Beam or Fury of Elune take 6% increased damage from you for 6 sec.	sweep
104	Guardian	hero	424058	Boundless Moonlight	true			0			|T132123:24|t |cffffffffFury of Elune|r Fury of Elune now ends with a flash of energy, blasting nearby enemies for 918 Astral damage. |T1392542:24|t |cffffffffFull Moon|r Full Moon calls down 2 Minor Moons that deal 800 Astral damage and generate 3 Astral Power.	sweep
104	Guardian	hero	441583	Ravage	true			0			Your auto-attacks have a chance to make your next Ferocious Bite become Ravage. |T5927623:24|t|cFFFFFFFF|cffffffffRavage|r|r Finishing move that slashes through your target in a wide arc, dealing Physical damage per combo point to your target and consuming up to 25 additional Energy to increase that damage by up to 100%. Hits all other enemies in front of you for reduced damage per combo point spent.  1 point: 924 damage, 420 in an arc 2 points: 1,847 damage, 841 in an arc 3 points: 2,771 damage, 1,261 in an arc 4 points: 3,695 damage, 1,681 in an arc 5 points: 4,619 damage, 2,101 in an arc	sweep
104	Guardian	hero	441678	Wildshape Mastery	true			0			Ironfur and Frenzied Regeneration persist in Cat Form. When transforming from Bear to Cat Form, you retain 80% of your Bear Form armor and health for 6 sec. For 6 sec after entering Bear Form, you heal for 10% of damage taken over 8 sec. 	sweep
104	Guardian	hero	441841	Bestial Strength	true			0			Maul and Raze damage increased by 10%.	sweep
104	Guardian	hero	441689	Empowered Shapeshifting	true			0			Frenzied Regeneration can be cast in Cat Form for 40 Energy. Bear Form reduces magic damage you take by 6%. Shred and Swipe damage increased by 10%. Mangle damage increased by 25%.	sweep
104	Guardian	hero	441691	Wildpower Surge	true			0			Mangle grants Feline Potential. When you have 6 stacks, the next time you transform into Cat Form, gain 5 combo points and your next Ferocious Bite or Rip deals 50% increased damage for its full duration.	sweep
104	Guardian	hero	441835	Claw Rampage	true			0			During Berserk, Shred, and Swipe have a 20% chance to make your next Ferocious Bite become Ravage.	sweep
104	Guardian	hero	441845	Strike for the Heart	true			0			Mangle damage increased by 10% and its critical strike chance is increased by 10%. 	sweep
104	Guardian	hero	441846	Tear Down the Mighty	true			0			The cooldown of Sundering Roar is reduced by 15 sec.	sweep
104	Guardian	hero	441844	Pack's Endurance	true			0			Stampeding Roar's duration is increased by 25%.	sweep
104	Guardian	hero	441829	Aggravate Wounds	true			0			Every attack with an Energy cost that you cast extends the duration of your Dreadful Wounds by 0.6 sec, up to 8 additional sec.	sweep
104	Guardian	hero	441675	Fount of Strength	true			0			Your maximum Energy and Rage are increased by 20. Frenzied Regeneration also increases your maximum health by 10%.	sweep
104	Guardian	hero	1271839	Exacerbating Wounds	true			0			Your Dreadful Wounds increase the damage afflicted enemies take from your Bleed damage over time effects by 15%.	sweep
104	Guardian	hero	441809	Dreadful Wound	true			0			Ravage also inflicts a Bleed that causes 2,552 damage over 6 sec and saps its victims' strength, reducing damage they deal to you by 15%. Dreadful Wound is not affected by Circle of Life and Death. 	sweep
104	Guardian	talent	474750	Symbiotic Relationship	false			0			Form a bond with an ally. Your self-healing also heals your bonded ally for 10% of the amount healed. Your healing to your bonded ally also heals you for 8% of the amount healed.	sweep
104	Guardian	talent	377842	Ursine Vigor	true			0			For 4 sec after shifting into Bear Form, your health and armor are increased by 15%.	sweep
104	Guardian	talent	1262034	Gift of the Wild	true			0			Mark of the Wild is 100% more effective on yourself.	sweep
104	Guardian	talent	449191	Oakskin	true			0			Survival Instincts and Barkskin reduce damage taken by an additional 10%.	sweep
104	Guardian	talent	385786	Matted Fur	true			0			When you use Barkskin or Survival Instincts, absorb 38,287 damage for 15 sec.	sweep
104	Guardian	talent	451211	Starlight Conduit	true			0			Wrath, Starsurge, and Starfire damage increased by 5%.  Starsurge's cooldown is reduced by 4 sec and its mana cost is reduced by 50%.	sweep
104	Guardian	talent	474530	Circle of the Wild	true			0			Physical damage dealt by your abilities increased by 5%.	sweep
104	Guardian	talent	474541	Circle of the Heavens	true			0			Magical damage dealt by your spells increased by 5%.	sweep
104	Guardian	talent	400142	Gale Winds	true			0			Increases Typhoon's radius by 20% and its range by 5 yds.	sweep
104	Guardian	talent	400140	Incessant Tempest	true			0			Reduces the cooldown of Typhoon by 5 sec.	sweep
104	Guardian	talent	449185	Lore of the Grove	true			0			Moonfire and Sunfire damage increased by 10%.	sweep
104	Guardian	talent	449184	Instincts of the Claw	true			0			Ferocious Bite and Maul damage increased by 8%.	sweep
104	Guardian	talent	1213597	Perfectly-Honed Instincts	true			0			Well-Honed Instincts can trigger up to once every 90 sec.	sweep
104	Guardian	talent	327993	Improved Barkskin	true			0			Barkskin's duration is increased by 4 sec.	sweep
104	Guardian	talent	377835	Front of the Pack	true			0			Stampeding Roar's radius is increased by 30%. Your movement speed is increased by 5%.	sweep
104	Guardian	talent	1253461	Waking Nightmare	true			0			Awaken memories of past conflicts, causing a Dread Shade to take form nearby. While active, shades slowly travel toward your target, dealing 1,786 Nature damage to nearby enemies and mirroring your Thrash casts.	sweep
104	Guardian	talent	393611	Ursoc's Endurance	true			0			Increases the duration of Barkskin and Ironfur by 2.0 sec.	sweep
104	Guardian	talent	200854	Gory Fur	true			0			Mangle has a 15% chance to reduce the Rage cost of your next Ironfur by 25%.	sweep
104	Guardian	talent	345208	Infected Wounds	true			0			Mangle and Maul cause an Infected Wound in the target, reducing their movement speed by 50% for 12 sec.	sweep
104	Guardian	talent	1251876	Gift of an Ancient Guardian	true			0			Ironfur increases your Mastery by 5%. 	sweep
104	Guardian	talent	155578	Guardian of Elune	true			0			Mangle increases the duration of your next Ironfur by 3 sec, or the healing of your next Frenzied Regeneration by 20%.	sweep
104	Guardian	talent	1250923	Ward of the Forest	true			0			Barkskin increases your maximum health by 20%, but its duration is reduced by 40%. 	sweep
104	Guardian	talent	203953	Brambles	true			0			Sharp brambles protect you, absorbing and reflecting up to 507 damage from each attack. While Barkskin is active, the brambles also deal 191 Nature damage to all nearby enemies every 1 sec.	sweep
104	Guardian	talent	1253035	Harnessed Rage	true			0			Mangle has 1 additional charge and when Maul is cast at 80 Rage or above its chance to activate Gore is increased by 100%.	sweep
104	Guardian	hero	1271305	Bask in Moonlight	true			0			Starsurge damage increased by 10%.  Starfall damage increased by 10%.  	sweep
104	Guardian	hero	1271261	Penumbral Swell	true			0			Lunar Eclipse increases Arcane damage by an additional 3%.	sweep
104	Guardian	hero	1271206	Star Cascade	true			0			Gaining Astral Power with Wrath or Starfire has a 40% chance to launch a Starsurge at a victim at 70% effectiveness. 	sweep
104	Guardian	hero	1271635	Twin Claw	true			0			You have a 18% chance to follow up any single target melee ability with a Twin Claw, dealing 8,678 Physical damage and generating 5 Rage. 	sweep
104	Guardian	hero	1271540	Limb from Limb	true			0			Your auto-attacks are 30% more likely to make your next Maul become Ravage.	sweep
104	Guardian	hero	441814	Ruthless Aggression	true			0			Ravage increases your auto-attack speed by 35% for 6 sec.	sweep
104	Guardian	hero	441824	Killing Strikes	true			0			Ravage increases your Agility by 8% and the armor granted by Ironfur by 20% for 8 sec. Your first Mangle after entering combat makes your next Maul become Ravage.	sweep
104	Guardian	talent	1269614	Wild Guardian	true			0			After you cast Berserk or Incarnation: Guardian of Ursoc, you gain access to Wild Guardian: |T7636529:24|t |cffffffffWild Guardian|r: Spirits of the wild come to your aid, causing your next 2 casts of Ironfur, Maul, and Frenzied Regeneration to be echoed at 50% effectiveness.	sweep
104	Guardian	talent	1269617	Wild Guardian	true			0			Mastery increased by 3%.  When you cast Wild Guardian, you gain 1 charges of Dream Guide.	sweep
104	Guardian	talent	1269619	Wild Guardian	true			0			Wild Guardian's echoes are now cast at 200% effectiveness, and each echo 2 additional times over 8.0 sec. Maul is always empowered and deals 40% additional Nature damage over 12 sec.	sweep
105	Restoration	talent	1226140	Grove Guardians	true			0			Casting Swiftmend or Wild Growth summons a Treant that casts Nourish on that target or a nearby ally periodically, healing for 253. Lasts 8 sec.	sweep
105	Restoration	talent	328025	Improved Wild Growth	true			0			Wild Growth heals 2 additional targets.	sweep
105	Restoration	talent	392221	Waking Dream	true			0			Ysera's Gift now heals every 4 sec and its healing is increased by 8% for each of your active Rejuvenations.	sweep
105	Restoration	talent	18562	Swiftmend	false		1	0	15000		Consume a Regrowth, Wild Growth, or Rejuvenation effect to instantly heal an ally for 4,407.	sweep
105	Restoration	talent	145108	Ysera's Gift	true			0			Heals you for 3% of your maximum health every 5 sec. If you are at full health, an injured party or raid member will be healed instead.	sweep
105	Restoration	talent	33763	Lifebloom	false			0			Heals the target for 2,017 over 15 sec. When Lifebloom expires, is dispelled, or is refreshed near expiration the target is instantly healed for 930. May be active on one target at a time.	sweep
105	Restoration	talent	132158	Nature's Swiftness	false			60000			Your next Regrowth, Rebirth, or Entangling Roots is instant, free, castable in all forms, and heals for an additional 60%.	sweep
105	Restoration	talent	392288	Nature's Splendor	true			0			The healing bonus to Regrowth from Nature's Swiftness is increased by 35%.	sweep
105	Restoration	talent	382550	Passing Seasons	true			0			Nature's Swiftness's cooldown is reduced by 12 sec.	sweep
105	Restoration	talent	1264649	Intensity	true			0			When Regrowth critically heals, it is 260% effective instead of the usual 200%.	sweep
105	Restoration	talent	197073	Inner Peace	true			0			Reduces the cooldown of Tranquility by 30 sec. While channeling Tranquility, you take 20% reduced damage and are immune to knockbacks.	sweep
105	Restoration	talent	197721	Flourish	true			0			Tranquility extends the duration of all of your heal over time effects by 2 sec every 0.8 sec.	sweep
105	Restoration	talent	740	Tranquility	false			180000			Heals all allies within 40 yards for 21,673 over 5.1 sec. Healing decreased beyond 5 targets.	sweep
105	Restoration	talent	158478	Soul of the Forest	true			0			Swiftmend increases the healing of your next Regrowth or Rejuvenation by 60%.	sweep
105	Restoration	talent	200390	Cultivation	true			0			When Rejuvenation heals a target below 60% health, they are instantly healed for 129.	sweep
105	Restoration	talent	145205	Efflorescence	false			0			Grows a healing blossom at the target location, restoring 249 health to three injured allies within 10 yards every 1.7 sec for 30 sec. Limit 1.	sweep
105	Restoration	talent	404521	Rampant Growth	true			0			Regrowth's healing over time is increased by 100%, and it also applies to the target of your Lifebloom.	sweep
105	Restoration	talent	392325	Verdancy	true			0			When Lifebloom blooms, up to 3 targets within your Efflorescence are healed for 403.	sweep
105	Restoration	talent	470562	Renewing Surge	true			0			Swiftmend cooldown is reduced by 15%, increasing up to 30% on lower health targets.	sweep
105	Restoration	talent	383191	Regenesis	true			0			Rejuvenation healing is increased by up to 10%, and Tranquility healing is increased by up to 20%, healing for more on low-health targets.	sweep
105	Restoration	talent	393371	Cenarius' Guidance	true			0			|T236157:24|t |cffffffffIncarnation: Tree of Life|r During Incarnation: Tree of Life, you summon a Grove Guardian every 10 sec. The cooldown of Incarnation: Tree of Life is reduced by 5.0 sec when Grove Guardians fade. |T6035309:24|t |cffffffffConvoke the Spirits|r Convoke the Spirits' cooldown is reduced by 50% and its duration and number of spells cast is reduced by 25%. Convoke the Spirits has an increased chance to use an exceptional spell or ability.	sweep
105	Restoration	talent	33891	Incarnation: Tree of Life	false			180000			Shapeshift into the Tree of Life, increasing healing done by 10%, increasing armor by 120%, and granting protection from Polymorph effects. Functionality of Rejuvenation, Wild Growth, Regrowth, Entangling Roots, and Wrath is enhanced. Lasts 30 sec. You may shapeshift in and out of this form for its duration.	sweep
105	Restoration	talent	391528	Convoke the Spirits	false			120000			Call upon the spirits for an eruption of energy, channeling a rapid flurry of 16 Druid spells and abilities over 4 sec. You will cast Wild Growth, Swiftmend, Moonfire, Wrath, Regrowth, Rejuvenation, Rake, and Thrash on appropriate nearby targets, favoring your current shapeshift form.	sweep
105	Restoration	talent	392302	Power of the Archdruid	true			0			Soul of the Forest now causes your next Rejuvenation or Regrowth to apply to 2 additional allies within 20 yards of the target.	sweep
105	Restoration	talent	158504	Dream of Cenarius	true			0			Wrath and Shred transfer 100% of their damage and Starfire and Swipe transfer 50% of their damage into healing onto a nearby ally.  This effect is increased by 200% while Call of the Elder Druid is active.	sweep
105	Restoration	talent	426784	Call of the Elder Druid	true			0			When you cast Starsurge, Rake, Shred, or Frenzied Regeneration you gain Call of the Elder Druid for 15 sec, once every 1 min. |T136234:24|t |cffffffffCall of the Elder Druid|r Abilities not associated with your specialization are substantially empowered for 45 sec. |cFFFFFFFFBalance:|r Cast time of Balance spells reduced by 30% and damage increased by 20%. |cFFFFFFFFFeral:|r Gain 1 Combo Point every 2 sec while in Cat Form and Physical damage increased by 20%. |cFFFFFFFFGuardian:|r Bear Form gives an additional 20% Stamina, multiple uses of Ironfur may overlap, and Frenzied Regeneration has 2 charges. |cFFFFFFFFRestoration:|r Healing increased by 30%, and mana costs reduced by 50%.	sweep
105	Restoration	talent	447131	Thriving Vegetation	true			0			Rejuvenation instantly heals your target for 20% of its total periodic effect and Regrowth's duration is increased by 3 sec.	sweep
105	Restoration	talent	392356	Reforestation	true			0			Every 4 casts of Swiftmend grants you Incarnation: Tree of Life for 10 sec.	sweep
105	Restoration	talent	392124	Embrace of the Dream	true			0			Wild Growth momentarily shifts your mind into the Emerald Dream, instantly healing all allies affected by your Rejuvenation or Regrowth for 918.	sweep
105	Restoration	talent	155675	Germination	true			0			You can apply Rejuvenation twice to the same target. Rejuvenation's duration is increased by 2 sec.	sweep
105	Restoration	talent	1263879	Nature's Bounty	true			0			Regrowth heals all other allies with Regrowth for 20% of its healing.	sweep
105	Restoration	talent	274902	Photosynthesis	true			0			Your periodic heals on targets with Lifebloom have a 8% chance to cause it to bloom.	sweep
105	Restoration	talent	426702	Liveliness	true			0			Your damage over time effects deal their damage 25% faster, and your healing over time effects heal 5% faster.	sweep
105	Restoration	talent	289237	Master Shapeshifter	true			0			Your abilities are amplified based on your current shapeshift form, granting an additional effect. Wrath, Starfire, and Starsurge deal 30% additional damage and generate 2,700 Mana. |T611424:24|t|CFFFFFFFFBear Form|R Ironfur grants 30% additional armor and generates 3,125 Mana. |T611425:24|t |CFFFFFFFFCat Form|R Rip, Ferocious Bite, and Maim deal 60% additional damage and generate 12,500 Mana when cast with 5 combo points.	sweep
105	Restoration	talent	392116	Regenerative Heartwood	true			0			Allies protected by your Ironbark also receive 75% of the healing from each of your active Rejuvenations and Ironbark's duration is increased by 4 sec.	sweep
105	Restoration	talent	392099	Nurturing Dormancy	true			0			When your Rejuvenation heals a full health target, its duration is increased by 2 sec, up to a maximum total increase of 6 sec per cast.	sweep
105	Restoration	talent	392256	Harmonious Blooming	true			0			Lifebloom counts for 3 stacks of Mastery: Harmony.	sweep
105	Restoration	talent	392410	Verdant Infusion	true			0			Swiftmend no longer consumes a heal over time effect, and extends the duration of your heal over time effects on the target by 8 sec.	sweep
105	Restoration	talent	200383	Prosperity	true			0			Swiftmend now has 2 charges.	sweep
105	Restoration	talent	382559	Unstoppable Growth	true			0			Wild Growth's healing falls off 40% less over time.	sweep
105	Restoration	talent	197061	Stonebark	true			0			Ironbark increases healing from your heal over time effects by 20%.	sweep
105	Restoration	talent	382552	Improved Ironbark	true			0			Ironbark's cooldown is reduced by 20 sec.	sweep
105	Restoration	talent	102342	Ironbark	false			90000			The target's skin becomes as tough as Ironwood, reducing damage taken by 20% for 12 sec.	sweep
105	Restoration	talent	231032	Improved Regrowth	true			0			Regrowth's initial heal has a 40% increased chance for a critical effect if the target is already affected by Regrowth.	sweep
105	Restoration	talent	102401	Wild Charge	false			15000			Fly to a nearby ally's position.	sweep
105	Restoration	talent	252216	Tiger Dash	false			45000			Shift into Cat Form and increase your movement speed by 200%, reducing gradually over 5 sec.	sweep
105	Restoration	talent	1822	Rake	false			0			Rake the target for 743 Bleed damage and an additional 4,423 Bleed damage over 15 sec. |cFFFFFFFFAwards 1 combo point.|r	sweep
105	Restoration	talent	197626	Starsurge	false			10000			Launch a surge of stellar energies at the target, dealing 892 Astral damage.	sweep
105	Restoration	talent	48438	Wild Growth	false			10000			Heals up to 5 injured allies within 30 yards of the target for 1,277 over 7 sec. Healing starts high and declines over the duration.	sweep
105	Restoration	talent	377796	Natural Recovery	true			0			Healing you receive is increased by 4%.	sweep
105	Restoration	talent	102359	Mass Entanglement	false			30000			Roots the target and all enemies within 12 yards in place for 10 sec. Damage may interrupt the effect. Usable in all shapeshift forms.	sweep
105	Restoration	talent	102793	Ursol's Vortex	false			60000			Conjures a vortex of wind for 10 sec at the destination, reducing the movement speed of all enemies within 8 yards by 50%. The first time an enemy attempts to leave the vortex, winds will pull that enemy back to its center. Usable in all shapeshift forms.	sweep
105	Restoration	talent	24858	Moonkin Form	false			0			Shapeshift into Moonkin Form, increasing the damage of your spells by 10% and your armor by 125%, and granting protection from Polymorph effects. The act of shapeshifting frees you from movement impairing effects.	sweep
105	Restoration	talent	132469	Typhoon	false			30000			Blasts targets within 15 yards in front of you with a violent Typhoon, knocking them back and reducing their movement speed by 50% for 6 sec. Usable in all shapeshift forms.	sweep
105	Restoration	talent	197524	Astral Influence	true			0			Increases the range of all of your spells by 5 yards.	sweep
105	Restoration	talent	2637	Hibernate	false			0			Forces the enemy target to sleep for up to 40 sec. Any damage will awaken the target. Only one target can be forced to hibernate at a time. Only works on Beasts and Dragonkin.	sweep
105	Restoration	talent	33873	Nurturing Instinct	true			0			Magical damage and healing increased by 6%.	sweep
105	Restoration	talent	774	Rejuvenation	false			0			Heals the target for 1,950 over 12 sec.	sweep
105	Restoration	talent	301768	Verdant Heart	true			0			Frenzied Regeneration and Barkskin increase all healing received by 20%.	sweep
105	Restoration	talent	449182	Ursoc's Spirit	true			0			Stamina increased by 4%. Stamina in Bear Form is increased by an additional 5%.	sweep
105	Restoration	talent	22842	Frenzied Regeneration	false		1	1000	36000		Heals you for 32% health over 3 sec.	sweep
105	Restoration	talent	22570	Maim	false			30000			Finishing move that causes Physical damage and stuns the target. Damage and duration increased per combo point:    1 point  : 368 damage, 1 sec    2 points: 735 damage, 2 sec    3 points: 1,102 damage, 3 sec    4 points: 1,470 damage, 4 sec    5 points: 1,837 damage, 5 sec	sweep
105	Restoration	talent	1079	Rip	false			0			Finishing move that causes Bleed damage over time. Lasts longer per combo point.    1 point  : 3,745 over 8 sec    2 points: 5,618 over 12 sec    3 points: 7,491 over 16 sec    4 points: 9,364 over 20 sec    5 points: 11,237 over 24 sec	sweep
105	Restoration	talent	213764	Swipe	false			0			Swipe nearby enemies, inflicting Physical damage. Damage varies by shapeshift form.	sweep
105	Restoration	talent	159286	Primal Fury	true			0			While in Cat Form, when you critically strike with an attack that generates a combo point, you gain an additional combo point. Damage over time cannot trigger this effect. Mangle critical strike damage increased by 20%.	sweep
105	Restoration	talent	108299	Killer Instinct	true			0			Physical damage and Armor increased by 6%.	sweep
105	Restoration	talent	192081	Ironfur	false			500			Increases armor by 533 for 7 sec.	sweep
105	Restoration	talent	16931	Thick Hide	true			0			Reduces all damage taken by 4%.	sweep
105	Restoration	talent	2908	Soothe	false			10000			Soothes the target, dispelling all enrage effects.	sweep
105	Restoration	talent	33786	Cyclone	false			0			Tosses the enemy target into the air, disorienting them but making them invulnerable for up to 5 sec. Only one target can be affected by your Cyclone at a time.	sweep
105	Restoration	talent	288826	Improved Stampeding Roar	true			0			Cooldown reduced by 60 sec.	sweep
105	Restoration	talent	1261867	Heart of the Wild	false			120000			Perform a powerful off-role ability depending on your currently active shapeshift form. |cFFFFFFFFNon-shapeshifted:|r Empowered Wild Growth that heals up to 5 injured allies within 30 yards of the target for 7,664 over 7 sec. |cFFFFFFFFBear Form:|r Increase your maximum health by 30% for 20 sec.	sweep
105	Restoration	talent	474678	Aessina's Renewal	true			0			When a hit deals more than 12% of your maximum health, instantly heal for 10% of your health. This effect cannot occur more than once every 30 seconds.	sweep
105	Restoration	talent	378988	Lycara's Teachings	true			0			You gain 3% of a stat while in each form: No Form: Haste Cat Form: Critical Strike Bear Form: Versatility Moonkin Form: Mastery	sweep
105	Restoration	talent	106898	Stampeding Roar	false			120000			Shift into Bear Form and let loose a wild roar, increasing the movement speed of all friendly players within 15 yards by 60% for 8 sec.	sweep
105	Restoration	talent	377847	Well-Honed Instincts	true			0			When you fall below 40% health, you cast Frenzied Regeneration, up to once every 120 sec.	sweep
105	Restoration	talent	131768	Feline Swiftness	true			0			Increases your movement speed by 15%.	sweep
105	Restoration	talent	99	Incapacitating Roar	false			30000			Shift into Bear Form and invoke the spirit of Ursol to let loose a deafening roar, incapacitating all enemies within 10 yards for 3 sec. Damage may cancel the effect.	sweep
105	Restoration	talent	5211	Mighty Bash	false			60000			Invokes the spirit of Ursoc to stun the target for 4 sec. Usable in all shapeshift forms.	sweep
105	Restoration	talent	474526	Grievous Wounds	true			0			Rake, Rip, and Thrash damage increased by 10%.	sweep
105	Restoration	talent	231040	Lingering Healing	true			0			Rejuvenation's duration is increased by 3 sec. Regrowth's duration is increased by 3 sec when cast on yourself.	sweep
105	Restoration	talent	400129	Forestwalk	true			0			Casting Regrowth increases your movement speed and healing received by 8% for 6 sec.	sweep
105	Restoration	talent	29166	Innervate	false			180000			Infuse a friendly healer with energy, allowing them to cast spells without spending mana for 8 sec.	sweep
105	Restoration	talent	449193	Fluid Form	true			0			Shred, Rake, and Skull Bash can be used in any form and shift you into Cat Form, if necessary.  Mangle can be used in any form and shifts you into Bear Form.  Wrath and Starfire shift you into Moonkin Form, if known.	sweep
105	Restoration	talent	197628	Starfire	false			0			Call down a burst of energy, causing 394 Arcane damage to the target, and 135 Arcane damage to all other enemies within 5 yards. Deals reduced damage beyond 8 targets.	sweep
105	Restoration	talent	1232897	Lycara's Inspiration	true			0			You gain a bonus while in each form inspired by the breadth of your Druidic knowledge: No Form: 4% Magic Damage Cat Form: 4% Stamina Bear Form: 5% Movement Speed Moonkin Form: 3% Area damage taken reduction	sweep
105	Restoration	talent	403521	Tranquil Mind	true			0			Increases Omen of Clarity's chance to activate Clearcasting to 5% and Clearcasting can stack 1 additional time.	sweep
105	Restoration	talent	93402	Sunfire	false			0			A quick beam of solar light burns the enemy for 90 Nature damage and then an additional 828 Nature damage over 18 sec.	sweep
105	Restoration	talent	400533	Wild Synthesis	true			0			Grove Guardians, Efflorescence, and your other summons heal for 30% more.	sweep
105	Restoration	hero	429215	Bounteous Bloom	true			0			Your Grove Guardians' healing is increased by 30%.	sweep
105	Restoration	hero	428937	Early Spring	true			0			Swiftmend and Wild Growth cooldowns reduced by 1 sec.	sweep
105	Restoration	hero	434220	Power of the Dream	true			0			Dream Surge heals 1 additional ally.	sweep
105	Restoration	hero	434249	Control of the Dream	true			0			Time elapsed while your major abilities are available to be used or at maximum charges is subtracted from that ability's cooldown after the next time you use it, up to 15 seconds. Affects Force of Nature, Celestial Alignment, and Convoke the Spirits.	sweep
105	Restoration	hero	433748	Protective Growth	true			0			Your Regrowth protects you, reducing damage you take by 8% while your Regrowth is on you.	sweep
105	Restoration	hero	429402	Grove's Inspiration	true			0			Wrath and Starfire damage increased by 10%.  Regrowth, Wild Growth, and Swiftmend healing increased by 9%.	sweep
105	Restoration	hero	429420	Potent Enchantments	true			0			Orbital Strike damage increased by 30%, and damage of Stellar Flares it applies increased by 30%. Whirling Stars increases the haste you gain during Celestial Alignment by an additional 10%.	sweep
105	Restoration	hero	428544	Treants of the Moon	true			0			Your Grove Guardians cast Moonfire on nearby targets about once every 6 sec.	sweep
105	Restoration	hero	433831	Dream Surge	true			0			When Grove Guardians are summoned, they grow Dream Petals on your target, healing up to 3 nearby allies for 622.	sweep
105	Restoration	hero	429433	Blooming Infusion	true			0			Every 5 Regrowths you cast makes your next Wrath, Starfire, or Entangling Roots instant and increases damage it deals by 100%. Every 5 Starsurges you cast makes your next Regrowth or Entangling roots instant.	sweep
105	Restoration	hero	429399	Expansiveness	true			0			Your maximum mana is increased by 5%.	sweep
105	Restoration	hero	455797	Cenarius' Might	true			0			Swiftmend healing is increased by 20%.	sweep
105	Restoration	hero	428859	Power of Nature	true			0			Your Grove Guardians increase the healing of your Rejuvenation, Efflorescence, and Lifebloom by 10% while active.	sweep
105	Restoration	hero	429227	Durability of Nature	true			0			Your Force of Nature treants have 100% increased health.	sweep
105	Restoration	hero	428731	Harmony of the Grove	true			0			Each of your Grove Guardians increases your healing done by 5% while active.	sweep
105	Restoration	hero	439926	Wildstalker's Power	true			0			Rip and Ferocious Bite damage increased by 5%. Rejuvenation healing increased by 10%.	sweep
105	Restoration	hero	439895	Entangling Vortex	true			0			Enemies pulled into Ursol's Vortex are rooted in place for 3 sec. Damage may cancel the effect.	sweep
105	Restoration	hero	439901	Flower Walk	true			0			During Barkskin your movement speed is increased by 10% and every second flowers grow beneath your feet that heal up to 3 nearby injured allies for 85.	sweep
105	Restoration	hero	439890	Strategic Infusion	true			0			Attacking from Prowl increases the chance for Shred, Rake, and Swipe to critically strike by 8% for 6 sec. Your periodic heals have a 4% increased chance to critically heal.	sweep
105	Restoration	hero	455461	Lethal Preservation	true			0			When you remove an effect with Soothe or Remove Corruption, gain a combo point and heal for 4% of your maximum health. If you are at full health an injured party or raid member will be healed instead.	sweep
105	Restoration	hero	439929	Bond with Nature	true			0			Healing you receive is increased by 4%.	sweep
105	Restoration	hero	440116	Harmonious Constitution	true			0			Your Regrowth's healing to yourself is increased by 35%.	sweep
105	Restoration	hero	439528	Thriving Growth	true			0			Rip and Rake damage has a chance to cause Bloodseeker Vines to grow on the victim, dealing 2,488 Bleed damage over 6 sec. Wild Growth, Regrowth, and Efflorescence healing has a chance to cause Symbiotic Blooms to grow on the target, healing for 933 over 6 sec. Multiple instances of these can overlap.	sweep
105	Restoration	hero	440119	Vigorous Creepers	true			0			Bloodseeker Vines increase the damage your abilities deal to affected enemies by 4%. Symbiotic Blooms increase the healing your spells do to affected targets by 20%.	sweep
105	Restoration	hero	440117	Twin Sprouts	true			0			When Bloodseeker Vines or Symbiotic Blooms grow, they have a 30% chance to cause another growth of the same type to immediately grow on a valid nearby target.	sweep
105	Restoration	hero	440118	Implant	true			0			Casting Swiftmend or Wild Growth causes a Symbiotic Bloom to grow on a target for 6 sec.	sweep
105	Restoration	hero	439868	Hunt Beneath the Open Skies	true			0			Damage and healing while in Cat Form increased by 3%. Moonfire and Sunfire damage increased by 10%.	sweep
105	Restoration	hero	1270592	Patient Custodian	true			0			Your heal over time effects are 6% more effective.	sweep
105	Restoration	hero	439880	Resilient Flourishing	true			0			Bloodseeker Vines and Symbiotic Blooms last 2 additional sec. When a target afflicted by Bloodseeker Vines dies, the vines jump to a valid nearby target for their remaining duration.	sweep
105	Restoration	hero	439882	Root Network	true			0			Each active Bloodseeker Vine increases the damage your abilities deal by 2%. Each active Symbiotic Bloom increases the healing of your spells by 2%.	sweep
105	Restoration	talent	474750	Symbiotic Relationship	false			0			Form a bond with an ally. Your self-healing also heals your bonded ally for 10% of the amount healed. Your healing to your bonded ally also heals you for 8% of the amount healed.	sweep
105	Restoration	talent	377842	Ursine Vigor	true			0			For 4 sec after shifting into Bear Form, your health and armor are increased by 15%.	sweep
105	Restoration	talent	1262034	Gift of the Wild	true			0			Mark of the Wild is 100% more effective on yourself.	sweep
105	Restoration	talent	449191	Oakskin	true			0			Survival Instincts and Barkskin reduce damage taken by an additional 10%.	sweep
105	Restoration	talent	385786	Matted Fur	true			0			When you use Barkskin or Survival Instincts, absorb 38,287 damage for 15 sec.	sweep
105	Restoration	talent	451211	Starlight Conduit	true			0			Wrath, Starsurge, and Starfire damage increased by 5%.  Starsurge's cooldown is reduced by 4 sec and its mana cost is reduced by 50%.	sweep
105	Restoration	talent	470549	Improved Swiftmend	true			0			Swiftmend healing increased by 30%.	sweep
105	Restoration	talent	1217941	Lifetreading	true			0			Efflorescence healing increased by 25%, and it now automatically grows beneath your Lifebloom target's feet.	sweep
105	Restoration	talent	207383	Abundance	true			0			For each Rejuvenation you have active, Regrowth's cost is reduced by 8% and critical effect chance is increased by 8%, up to a maximum of 96%.	sweep
105	Restoration	talent	474530	Circle of the Wild	true			0			Physical damage dealt by your abilities increased by 5%.	sweep
105	Restoration	talent	474541	Circle of the Heavens	true			0			Magical damage dealt by your spells increased by 5%.	sweep
105	Restoration	talent	400142	Gale Winds	true			0			Increases Typhoon's radius by 20% and its range by 5 yds.	sweep
105	Restoration	talent	400140	Incessant Tempest	true			0			Reduces the cooldown of Typhoon by 5 sec.	sweep
105	Restoration	talent	449185	Lore of the Grove	true			0			Moonfire and Sunfire damage increased by 10%.	sweep
105	Restoration	talent	449184	Instincts of the Claw	true			0			Ferocious Bite and Maul damage increased by 8%.	sweep
105	Restoration	talent	1213597	Perfectly-Honed Instincts	true			0			Well-Honed Instincts can trigger up to once every 90 sec.	sweep
105	Restoration	talent	392378	Improved Nature's Cure	true			0			Nature's Cure additionally removes all Curse and Poison effects.	sweep
105	Restoration	talent	327993	Improved Barkskin	true			0			Barkskin's duration is increased by 4 sec.	sweep
105	Restoration	talent	113043	Omen of Clarity	true			0			Your healing over time from Lifebloom has a 4% chance to cause a Clearcasting state, making your next Regrowth cost no mana.	sweep
105	Restoration	hero	1264899	Spirit of the Thicket	true			0			Your Starfall damage is increased by 12% and your Starsurge damage is increased by 8%.	sweep
105	Restoration	hero	1264776	Dryad's Dance	true			0			Dryads cause most of your Astral power generation to be increased by 10%.	sweep
105	Restoration	hero	1264614	Sylvan Beckoning	true			0			Entering an Eclipse summons a Dryad to assist you for 8 sec, casting Starsurge dealing 636 Astral damage and Starfall at 200% effectiveness.	sweep
105	Restoration	hero	1270586	Rampancy	true			0			Symbiotic Blooms have a 20% chance to trigger Bursting Growth every 2 sec at 100% effectiveness. 	sweep
105	Restoration	hero	440120	Bursting Growth	true			0			When Bloodseeker Vines expire or you use Ferocious Bite on their target they explode in thorns, dealing 2,205 physical damage to nearby enemies. Damage reduced above 5 targets. When Symbiotic Blooms expire or you cast Rejuvenation on their target flowers grow around their target, healing them and up to 3 nearby allies for 179.	sweep
105	Restoration	hero	1270565	Green Thumb	true			0			The rate at which Symbiotic Blooms grow is increased by 20%.	sweep
105	Restoration	talent	392167	Everbloom	true			0			Lifebloom stacks every 5 sec, stacking up to 3 times.	sweep
105	Restoration	talent	1244331	Everbloom	true			0			20% of Lifebloom's final bloom heals up to 6 injured allies within 40 yds.	sweep
105	Restoration	talent	1244470	Everbloom	true			0			Lifebloom bursts into a Blooming Frenzy when you consume Soul of the Forest, causing it to bloom 3 times in rapid succession.	sweep
